id,client_id,card_brand,card_type,card_number,expires,cvv,has_chip,num_cards_issued,credit_limit,acct_open_date,year_pin_last_changed,card_on_dark_web
5390,1572,Mastercard,Debit,2147483647,09/2021,676,YES,1,$946,11/2003,2015,No
3414,597,Amex,Credit,2147483647,08/2023,534,YES,1,$27500,06/2009,2009,No
845,740,Visa,Debit,2147483647,03/2023,189,YES,2,$4009,01/2020,2020,No
4133,592,Mastercard,Credit,2147483647,02/2020,684,YES,1,$5600,08/2004,2019,No
2257,1974,Mastercard,Debit,2147483647,02/2024,663,YES,1,$14747,03/2010,2010,No
1664,239,Mastercard,Debit,2147483647,08/2021,586,NO,2,$21449,02/2020,2020,No
951,1318,Visa,Credit,2147483647,04/2024,729,YES,1,$10600,01/2020,2020,No
406,1020,Amex,Credit,2147483647,05/2024,928,YES,1,$12000,01/2020,2020,No
1151,669,Mastercard,Debit,2147483647,06/2020,932,YES,1,$11164,02/2008,2009,No
5336,871,Mastercard,Debit,2147483647,08/2020,945,YES,2,$20128,10/2019,2019,No
24,1274,Visa,Debit,2147483647,04/2021,2,NO,2,$15160,01/2001,2007,No
4473,1543,Visa,Debit,2147483647,08/2024,810,YES,2,$39389,08/2018,2018,No
1053,1621,Mastercard,Debit,2147483647,12/2008,299,NO,2,$14681,02/2005,2012,No
3674,601,Mastercard,Debit (Prepaid),2147483647,09/2021,945,YES,1,$68,07/2002,2011,No
896,1857,Visa,Debit,2147483647,02/2021,414,YES,1,$49679,01/2020,2020,No
3818,331,Mastercard,Debit,2147483647,01/2021,269,YES,1,$12801,07/2007,2011,No
3767,828,Mastercard,Credit,2147483647,06/2010,780,YES,1,$8500,07/2006,2011,No
1670,1953,Mastercard,Debit,2147483647,07/2020,114,YES,1,$8257,02/2020,2020,No
5921,1678,Amex,Credit,2147483647,10/2021,507,YES,1,$12600,12/2008,2008,No
5180,1500,Visa,Credit,2147483647,03/2024,329,YES,2,$14700,10/2009,2011,No
3995,1731,Mastercard,Debit,2147483647,09/2020,772,YES,1,$18244,07/2012,2012,No
764,299,Visa,Credit,2147483647,08/2022,294,YES,1,$6100,01/2020,2020,No
4604,156,Mastercard,Debit (Prepaid),2147483647,12/2016,599,YES,1,$64,09/2006,2010,No
5816,332,Mastercard,Credit,2147483647,10/2024,160,NO,1,$7900,12/2004,2012,No
2694,1229,Mastercard,Debit (Prepaid),2147483647,10/2023,421,YES,2,$74,04/2012,2012,No
2882,1444,Mastercard,Debit,2147483647,11/2020,637,YES,2,$32049,05/2005,2005,No
2533,1666,Mastercard,Credit,2147483647,02/2009,395,YES,1,$12700,04/2007,2015,No
6073,2,Mastercard,Debit,2147483647,08/2024,813,YES,2,$16491,12/2012,2012,No
5828,1528,Discover,Credit,2147483647,02/2014,854,YES,2,$16400,12/2005,2008,No
3012,1096,Mastercard,Credit,2147483647,10/2020,52,YES,2,$5500,05/2009,2009,No
4665,768,Mastercard,Debit,2147483647,04/2024,84,YES,1,$11105,09/2008,2009,No
3644,1194,Visa,Debit,2147483647,11/2019,556,YES,2,$17245,06/2019,2019,No
4588,509,Visa,Debit,2147483647,07/2022,519,YES,1,$12721,09/2005,2015,No
3170,459,Visa,Credit,2147483647,07/2022,32,YES,1,$6300,05/2015,2015,No
4176,1993,Mastercard,Debit,2147483647,05/2015,347,YES,1,$36982,08/2006,2009,No
993,1666,Visa,Debit,2147483647,10/2020,930,YES,1,$9418,02/2001,2012,No
4180,1995,Mastercard,Debit,2147483647,01/2020,29,YES,2,$5997,08/2006,2012,No
4722,1526,Mastercard,Debit (Prepaid),2147483647,10/2020,558,YES,1,$77,09/2009,2009,No
3222,803,Discover,Credit,2147483647,10/2005,728,YES,2,$15300,06/2001,2011,No
514,678,Mastercard,Debit,2147483647,09/2024,157,YES,1,$11254,01/2020,2020,No
3321,982,Mastercard,Debit,2147483647,04/2013,820,YES,1,$21358,06/2006,2010,No
97,946,Mastercard,Debit,2147483647,02/2021,606,YES,1,$12925,01/2006,2010,No
5034,1500,Visa,Debit,2147483647,02/2018,457,YES,2,$18494,10/2005,2007,No
312,571,Mastercard,Debit,2147483647,02/2023,150,YES,2,$13019,01/2013,2013,No
1199,398,Visa,Debit,2147483647,03/2021,290,YES,1,$17111,02/2009,2010,No
689,1550,Mastercard,Debit,2147483647,12/2024,410,YES,1,$44717,01/2020,2020,No
325,376,Visa,Credit,2147483647,03/2013,650,YES,1,$9200,01/2013,2013,No
4530,1171,Discover,Credit,2147483647,11/2021,66,YES,2,$8300,09/2003,2011,No
1054,683,Mastercard,Debit,2147483647,02/2023,905,YES,1,$14868,02/2005,2013,No
5343,1068,Visa,Debit,2147483647,07/2023,98,YES,1,$10448,10/2019,2019,No
3598,1281,Visa,Credit,2147483647,08/2021,36,YES,2,$6600,06/2015,2015,No
3548,832,Mastercard,Credit,2147483647,10/2024,647,YES,1,$10900,06/2012,2012,No
2831,1303,Visa,Debit,2147483647,05/2015,804,YES,1,$20699,05/2002,2008,No
2248,1253,Mastercard,Debit,2147483647,03/2016,927,NO,1,$29637,03/2010,2010,No
1482,1399,Mastercard,Credit,2147483647,08/2022,991,YES,1,$8700,02/2020,2020,No
885,434,Visa,Debit,2147483647,04/2022,423,YES,2,$21916,01/2020,2020,No
33,1944,Visa,Credit,2147483647,09/2021,383,YES,1,$11100,01/2002,2009,No
2044,1074,Mastercard,Credit,2147483647,07/2022,396,YES,2,$4800,03/2003,2011,No
3879,497,Amex,Credit,2147483647,10/2019,760,YES,1,$15400,07/2009,2017,No
3388,480,Mastercard,Credit,2147483647,01/2022,821,YES,2,$24800,06/2008,2013,No
6101,421,Mastercard,Debit,2147483647,08/2024,626,YES,2,$16094,12/2014,2014,No
3205,873,Mastercard,Debit,2147483647,10/2022,314,YES,2,$28405,06/1998,2008,No
3066,173,Mastercard,Debit (Prepaid),2147483647,12/2021,508,YES,2,$44,05/2010,2010,No
2566,956,Mastercard,Debit,2147483647,03/2012,643,YES,2,$2355,04/2008,2009,No
5804,1148,Amex,Credit,2147483647,03/2022,96,NO,2,$9300,12/2004,2014,No
1908,1271,Visa,Credit,2147483647,03/2024,100,NO,1,$10900,02/2020,2020,No
3067,1412,Mastercard,Credit,2147483647,07/2021,505,YES,1,$12800,05/2010,2016,No
5837,1247,Mastercard,Credit,2147483647,05/2022,742,NO,2,$5700,12/2005,2010,No
4269,775,Visa,Debit,2147483647,10/2023,790,YES,2,$17816,08/2008,2016,No
3367,1967,Visa,Debit,2147483647,09/2020,383,YES,2,$38120,06/2007,2011,No
6026,176,Visa,Debit (Prepaid),2147483647,12/2019,787,YES,2,$57,12/2010,2017,No
4655,1783,Amex,Credit,2147483647,09/2020,876,YES,2,$9400,09/2008,2008,No
6105,1602,Mastercard,Credit,2147483647,06/2022,806,NO,2,$7200,12/2015,2015,No
1652,508,Mastercard,Debit,2147483647,01/2022,850,YES,2,$24203,02/2020,2020,No
5002,798,Amex,Credit,2147483647,08/2010,66,YES,1,$13900,10/2004,2010,No
377,1759,Visa,Debit,2147483647,06/2023,343,YES,2,$15773,01/2018,2018,No
2851,1425,Discover,Credit,2147483647,08/2020,620,YES,2,$2900,05/2004,2011,No
5216,1060,Visa,Debit,2147483647,05/2023,199,YES,2,$14114,10/2010,2010,No
791,1304,Visa,Credit,2147483647,02/2020,681,YES,1,$21000,01/2020,2020,No
5479,615,Amex,Credit,2147483647,04/2021,207,YES,1,$19900,11/2007,2011,No
5947,92,Visa,Debit,2147483647,09/2023,150,YES,2,$8280,12/2008,2017,No
37,840,Mastercard,Debit,2147483647,10/2023,258,YES,2,$5269,01/2003,2016,No
5493,69,Mastercard,Credit,2147483647,12/2022,439,YES,1,$9300,11/2007,2014,No
231,938,Mastercard,Credit,2147483647,09/2023,123,YES,1,$12500,01/2010,2012,No
5128,1179,Mastercard,Debit,2147483647,10/2021,213,YES,2,$20026,10/2008,2010,No
3596,1776,Visa,Credit,2147483647,05/2021,81,YES,2,$11100,06/2015,2015,No
163,550,Mastercard,Credit,2147483647,04/2022,398,YES,2,$4200,01/2008,2008,No
525,1160,Mastercard,Debit,2147483647,09/2024,948,YES,1,$14168,01/2020,2020,No
5760,601,Mastercard,Credit,2147483647,10/2018,824,YES,2,$10800,12/1999,2005,No
4295,727,Mastercard,Debit,2147483647,04/2018,920,YES,1,$19086,08/2009,2011,No
2705,1303,Visa,Debit,2147483647,11/2020,859,YES,2,$31662,04/2012,2012,No
3287,1075,Mastercard,Debit,2147483647,04/2022,861,YES,1,$29964,06/2005,2014,No
1462,128,Mastercard,Credit,2147483647,01/2024,849,YES,2,$7800,02/2020,2020,No
3060,1695,Mastercard,Credit,2147483647,07/2022,302,YES,2,$12700,05/2010,2015,No
2429,1595,Mastercard,Debit,2147483647,08/2023,338,YES,1,$17749,04/2002,2011,No
2542,1048,Mastercard,Debit,2147483647,06/2014,575,YES,2,$22527,04/2007,2011,No
2684,1546,Visa,Debit,2147483647,06/2024,339,YES,2,$19015,04/2011,2011,No
2137,247,Discover,Credit,2147483647,11/2023,526,NO,2,$10200,03/2007,2010,No
1702,903,Mastercard,Debit (Prepaid),2147483647,04/2023,492,YES,2,$60,02/2020,2020,No
2973,1903,Mastercard,Credit,2147483647,05/2021,233,YES,2,$14900,05/2008,2008,No
818,797,Visa,Debit,2147483647,01/2020,143,YES,2,$32922,01/2020,2020,No
1558,1570,Mastercard,Debit (Prepaid),2147483647,04/2021,756,YES,2,$74,02/2020,2020,No
3570,1854,Mastercard,Credit,2147483647,06/2020,400,YES,1,$7200,06/2013,2013,No
3600,576,Visa,Debit,2147483647,07/2020,377,YES,1,$21070,06/2015,2015,No
1405,93,Amex,Credit,2147483647,09/2024,557,YES,2,$11400,02/2020,2020,No
3794,122,Visa,Credit,2147483647,03/2020,331,YES,2,$8200,07/2006,2013,No
1959,1254,Visa,Debit,2147483647,11/2022,113,NO,2,$20674,02/2020,2020,No
5228,791,Amex,Credit,2147483647,09/2021,24,YES,1,$10100,10/2011,2015,No
3728,818,Amex,Credit,2147483647,10/2005,759,YES,2,$500,07/2005,2009,No
4101,1236,Mastercard,Debit,2147483647,09/2022,337,NO,2,$6775,08/2001,2012,No
397,63,Amex,Credit,2147483647,01/2020,792,NO,1,$6600,01/2020,2020,No
2896,470,Mastercard,Debit,2147483647,01/2013,29,YES,2,$2704,05/2006,2013,No
5889,1324,Mastercard,Debit,2147483647,12/2023,898,YES,3,$8889,12/2007,2013,No
2443,369,Mastercard,Credit,2147483647,11/2021,990,NO,1,$13600,04/2003,2012,No
1486,130,Mastercard,Debit (Prepaid),2147483647,07/2024,453,NO,1,$58,02/2020,2020,No
3272,1340,Mastercard,Debit,2147483647,08/2021,165,YES,1,$18462,06/2004,2007,No
578,27,Mastercard,Credit,2147483647,03/2022,546,YES,2,$7000,01/2020,2020,No
3312,578,Mastercard,Debit,2147483647,06/2006,482,YES,1,$17167,06/2006,2007,No
4469,1276,Mastercard,Debit,2147483647,04/2022,851,YES,1,$17688,08/2018,2018,No
3876,1240,Visa,Debit,2147483647,08/2022,915,YES,1,$23169,07/2008,2011,No
2761,1814,Mastercard,Debit,2147483647,07/2016,47,YES,1,$17895,04/2016,2016,No
5756,1737,Mastercard,Debit,2147483647,04/2024,192,YES,1,$24132,12/1998,2008,No
1786,607,Visa,Credit,2147483647,10/2023,582,YES,2,$7900,02/2020,2020,No
5703,704,Visa,Debit,2147483647,03/2024,281,YES,2,$49425,11/2014,2014,No
4341,394,Visa,Debit,2147483647,07/2021,740,NO,2,$25808,08/2010,2010,No
3498,1063,Visa,Credit,2147483647,06/2023,408,YES,1,$9300,06/2010,2010,No
5486,659,Mastercard,Credit,2147483647,02/2022,522,YES,2,$10500,11/2007,2011,No
1217,962,Mastercard,Debit,2147483647,07/2022,633,YES,2,$9141,02/2010,2011,No
4758,712,Discover,Credit,2147483647,07/2021,518,YES,1,$14900,09/2010,2010,No
1685,444,Mastercard,Debit,2147483647,01/2023,429,YES,1,$12233,02/2020,2020,No
4023,1193,Mastercard,Debit,2147483647,12/2022,194,YES,1,$38290,07/2014,2014,No
2177,421,Mastercard,Credit,2147483647,09/2023,685,YES,1,$10600,03/2008,2016,No
4881,1125,Amex,Credit,2147483647,12/2021,673,YES,2,$13200,09/2015,2015,No
6027,1394,Visa,Debit,2147483647,09/2021,569,YES,1,$51504,12/2010,2010,No
5043,1699,Amex,Credit,2147483647,10/2013,144,YES,1,$30500,10/2006,2007,No
5655,169,Mastercard,Debit (Prepaid),2147483647,09/2021,335,YES,2,$91,11/2011,2011,No
5253,69,Visa,Credit,2147483647,01/2020,957,YES,1,$10800,10/2011,2013,No
4773,835,Mastercard,Debit,2147483647,05/2022,181,YES,2,$16377,09/2010,2013,No
2926,223,Mastercard,Credit,2147483647,09/2014,32,YES,1,$12600,05/2007,2012,No
1743,853,Mastercard,Credit,2147483647,03/2020,708,YES,2,$22800,02/2020,2020,No
1059,1944,Mastercard,Debit,2147483647,11/2021,832,YES,1,$2468,02/2005,2005,No
4390,519,Mastercard,Debit (Prepaid),2147483647,05/2020,139,YES,2,$65,08/2012,2012,No
4018,1945,Amex,Credit,2147483647,02/2020,175,YES,2,$5900,07/2014,2014,No
2168,704,Amex,Credit,2147483647,12/2022,611,YES,1,$22800,03/2008,2008,No
1857,1446,Visa,Debit (Prepaid),2147483647,06/2022,539,YES,3,$84,02/2020,2020,No
5933,458,Mastercard,Debit,2147483647,10/2022,744,YES,1,$14388,12/2008,2015,No
1187,1648,Mastercard,Debit,2147483647,02/2021,287,NO,2,$64565,02/2009,2019,No
161,703,Mastercard,Credit,2147483647,02/2021,355,YES,2,$8100,01/2008,2009,No
3497,288,Visa,Debit,2147483647,01/2022,846,YES,2,$1112,06/2010,2010,No
1899,1119,Visa,Credit,2147483647,01/2021,225,NO,1,$3000,02/2020,2020,No
1142,1951,Mastercard,Debit,2147483647,12/2023,105,YES,1,$10354,02/2008,2010,No
5454,437,Mastercard,Debit,2147483647,01/2024,52,YES,1,$35500,11/2006,2011,No
704,1708,Mastercard,Credit,2147483647,03/2022,263,YES,2,$9100,01/2020,2020,No
1101,1697,Amex,Credit,2147483647,12/2013,279,YES,1,$2100,02/2007,2009,No
2290,609,Visa,Debit,2147483647,07/2020,851,YES,2,$19436,03/2011,2011,No
5429,64,Mastercard,Credit,2147483647,03/2020,811,YES,2,$12200,11/2005,2020,No
1852,1601,Visa,Credit,2147483647,05/2021,825,NO,1,$17100,02/2020,2020,No
4005,655,Amex,Credit,2147483647,01/2017,852,YES,1,$7700,07/2013,2013,No
3198,497,Visa,Credit,2147483647,03/2019,306,YES,2,$12500,05/2017,2017,No
3753,1638,Discover,Credit,2147483647,10/2020,364,NO,2,$10000,07/2006,2008,No
265,37,Discover,Credit,2147483647,02/2024,943,YES,1,$0,01/2011,2011,No
1317,338,Mastercard,Debit,2147483647,01/2023,841,YES,2,$50127,02/2013,2013,No
5311,1412,Visa,Debit,2147483647,06/2016,682,YES,2,$19081,10/2015,2015,No
138,1094,Visa,Debit,2147483647,06/2023,64,YES,2,$2365,01/2007,2009,No
3005,432,Mastercard,Debit,2147483647,08/2009,540,YES,2,$10049,05/2009,2009,No
5882,1882,Mastercard,Debit,2147483647,03/2022,245,YES,2,$8671,12/2007,2009,No
4218,1940,Mastercard,Debit,2147483647,05/2024,575,YES,2,$8993,08/2007,2010,No
5036,1621,Visa,Credit,2147483647,04/2012,833,YES,1,$17000,10/2005,2016,No
1775,713,Visa,Credit,2147483647,11/2024,528,YES,1,$8400,02/2020,2020,No
2514,69,Visa,Debit,2147483647,04/2020,398,YES,1,$21098,04/2006,2009,No
4591,1813,Visa,Credit,2147483647,03/2021,372,YES,1,$13500,09/2005,2013,No
3271,437,Mastercard,Debit,2147483647,08/2023,938,YES,2,$27687,06/2004,2007,No
2214,232,Mastercard,Debit (Prepaid),2147483647,01/2016,350,YES,1,$98,03/2009,2009,No
5213,1522,Visa,Credit,2147483647,09/2024,875,YES,2,$21900,10/2010,2013,No
4100,1875,Mastercard,Debit,2147483647,04/2021,198,YES,2,$15849,08/2001,2009,No
383,1178,Visa,Debit,2147483647,01/2022,279,YES,2,$16447,01/2019,2019,No
5582,1575,Visa,Debit,2147483647,02/2020,352,YES,2,$35791,11/2009,2009,No
601,1462,Mastercard,Debit (Prepaid),2147483647,08/2020,641,YES,2,$44,01/2020,2020,No
1933,197,Visa,Credit,2147483647,02/2020,943,YES,2,$8000,02/2020,2020,No
5833,1538,Mastercard,Debit,2147483647,04/2011,984,YES,2,$16398,12/2005,2005,No
3726,940,Amex,Credit,2147483647,02/2011,577,YES,2,$11100,07/2005,2012,No
3423,148,Mastercard,Debit,2147483647,03/2017,211,YES,2,$17471,06/2009,2012,No
579,999,Mastercard,Credit,2147483647,02/2020,704,YES,2,$11700,01/2020,2020,No
1200,1654,Amex,Credit,2147483647,06/2024,480,YES,1,$14000,02/2010,2012,No
4838,335,Visa,Debit,2147483647,09/2013,217,YES,2,$25307,09/2012,2012,No
1056,1032,Mastercard,Debit,2147483647,07/2020,325,NO,2,$1955,02/2005,2013,No
2540,1881,Mastercard,Debit (Prepaid),2147483647,10/2009,208,YES,1,$94,04/2007,2009,No
4259,1756,Mastercard,Credit,2147483647,01/2021,303,YES,2,$11600,08/2008,2012,No
3238,1811,Mastercard,Debit,2147483647,10/2024,616,YES,1,$70187,06/2002,2011,No
1402,1770,Amex,Credit,2147483647,06/2022,933,YES,1,$8400,02/2020,2020,No
1820,1160,Visa,Debit,2147483647,06/2020,64,YES,1,$3149,02/2020,2020,No
1363,1710,Discover,Credit,2147483647,11/2020,985,YES,1,$6600,02/2016,2016,No
5258,366,Mastercard,Credit,2147483647,08/2018,823,YES,2,$6200,10/2012,2012,No
2169,976,Discover,Credit,2147483647,06/2022,509,YES,2,$14700,03/2008,2019,No
3783,907,Mastercard,Credit,2147483647,05/2022,989,YES,2,$14700,07/2006,2008,No
5312,140,Mastercard,Debit,2147483647,08/2023,196,YES,1,$13428,10/2016,2016,No
4436,1073,Visa,Debit (Prepaid),2147483647,03/2016,126,YES,1,$84,08/2014,2014,No
3775,1345,Mastercard,Debit,2147483647,03/2020,394,YES,2,$12863,07/2006,2010,No
2222,505,Mastercard,Debit,2147483647,11/2015,843,YES,2,$5258,03/2009,2013,No
727,1354,Mastercard,Debit,2147483647,02/2020,372,YES,2,$3861,01/2020,2020,No
4921,391,Amex,Credit,2147483647,06/2023,945,YES,1,$6200,09/2019,2019,No
4441,360,Visa,Debit,2147483647,10/2018,106,YES,1,$22342,08/2014,2014,No
1365,1586,Mastercard,Debit,2147483647,02/2021,906,YES,2,$17587,02/2016,2016,No
2099,1495,Visa,Credit,2147483647,04/2020,329,NO,2,$14300,03/2005,2012,No
534,1570,Mastercard,Debit (Prepaid),2147483647,03/2024,311,YES,1,$63,01/2020,2020,No
912,1593,Visa,Credit,2147483647,10/2022,943,YES,1,$9900,01/2020,2020,No
2109,13,Mastercard,Credit,2147483647,12/2022,413,YES,1,$10400,03/2006,2015,No
3221,291,Amex,Credit,2147483647,10/2024,412,YES,2,$9900,06/2001,2006,No
5820,698,Visa,Debit,2147483647,06/2021,971,NO,2,$25048,12/2004,2010,No
2484,920,Mastercard,Credit,2147483647,01/2020,278,YES,2,$8100,04/2005,2008,No
4032,1908,Amex,Credit,2147483647,02/2024,763,NO,1,$2900,07/2015,2015,No
130,1031,Mastercard,Debit,2147483647,05/2021,868,YES,2,$25080,01/2007,2012,No
5115,758,Mastercard,Debit,2147483647,05/2024,707,NO,2,$19127,10/2008,2012,No
1269,873,Mastercard,Debit,2147483647,04/2011,892,YES,1,$15521,02/2011,2011,No
1818,1833,Visa,Credit,2147483647,03/2023,147,YES,1,$10100,02/2020,2020,No
966,1353,Mastercard,Debit,2147483647,04/2022,682,YES,1,$12076,02/1999,2012,No
1395,643,Amex,Credit,2147483647,08/2024,145,YES,1,$10000,02/2020,2020,No
1430,215,Amex,Credit,2147483647,02/2020,882,YES,2,$15600,02/2020,2020,No
2456,1669,Discover,Credit,2147483647,12/2013,840,YES,1,$10300,04/2004,2012,No
5536,1154,Mastercard,Debit,2147483647,01/2017,143,NO,1,$2808,11/2008,2013,No
2024,487,Mastercard,Debit,2147483647,08/2024,70,YES,1,$28790,03/2001,2009,No
2872,1107,Visa,Debit (Prepaid),2147483647,04/2020,609,YES,2,$102,05/2004,2011,No
158,813,Mastercard,Debit,2147483647,10/2021,649,YES,2,$13417,01/2008,2008,No
557,254,Mastercard,Credit,2147483647,04/2024,230,YES,2,$15900,01/2020,2020,No
3107,832,Visa,Debit,2147483647,07/2024,380,NO,1,$20776,05/2011,2011,No
1720,574,Mastercard,Credit,2147483647,09/2021,437,YES,2,$12500,02/2020,2020,No
5623,1738,Visa,Credit,2147483647,04/2020,635,NO,1,$15700,11/2010,2014,No
5843,1455,Visa,Credit,2147483647,08/2022,25,YES,1,$8000,12/2005,2011,No
3858,1076,Mastercard,Debit,2147483647,12/2017,391,YES,1,$14514,07/2008,2008,No
4999,1725,Visa,Debit,2147483647,09/2022,247,YES,2,$28166,10/2003,2015,No
661,500,Mastercard,Debit,2147483647,01/2021,632,YES,2,$14679,01/2020,2020,No
4950,1361,Mastercard,Debit,2147483647,10/2020,459,YES,2,$14767,10/2001,2012,No
2607,1771,Mastercard,Debit (Prepaid),2147483647,04/2024,50,YES,2,$59,04/2009,2009,No
2264,1936,Visa,Credit,2147483647,08/2020,174,YES,2,$14500,03/2010,2010,No
1040,1814,Visa,Credit,2147483647,07/2022,905,YES,1,$11800,02/2004,2013,No
1633,1871,Mastercard,Debit,2147483647,02/2020,260,YES,1,$11166,02/2020,2020,No
109,87,Visa,Credit,2147483647,05/2022,450,YES,1,$6300,01/2006,2011,No
649,1829,Mastercard,Credit,2147483647,02/2020,823,YES,1,$10700,01/2020,2020,No
5118,1444,Mastercard,Debit,2147483647,06/2023,949,NO,1,$45141,10/2008,2010,No
173,1310,Visa,Credit,2147483647,02/2010,221,YES,2,$5500,01/2008,2008,No
6138,1115,Visa,Debit,2147483647,04/2023,251,YES,1,$12606,12/2018,2018,No
2441,1576,Mastercard,Debit,2147483647,01/2018,985,YES,2,$15839,04/2003,2010,No
1472,1738,Mastercard,Credit,2147483647,04/2024,497,YES,2,$18700,02/2020,2020,No
3098,1771,Mastercard,Debit,2147483647,03/2022,153,YES,1,$27534,05/2011,2011,No
2644,954,Mastercard,Debit,2147483647,08/2024,471,YES,2,$18320,04/2010,2010,No
4887,189,Visa,Debit (Prepaid),2147483647,04/2020,522,YES,1,$81,09/2015,2015,No
4192,450,Visa,Debit,2147483647,11/2021,314,YES,1,$18048,08/2006,2007,No
276,947,Mastercard,Debit (Prepaid),2147483647,07/2020,389,YES,2,$79,01/2011,2011,No
2304,859,Mastercard,Debit,2147483647,07/2021,724,YES,2,$20354,03/2012,2012,No
1608,1822,Mastercard,Debit,2147483647,06/2024,550,YES,2,$11624,02/2020,2020,No
1417,1020,Amex,Credit,2147483647,02/2020,772,YES,1,$16900,02/2020,2020,No
5248,1576,Visa,Debit,2147483647,03/2023,978,YES,1,$15807,10/2011,2011,No
5738,717,Mastercard,Credit,2147483647,09/2023,74,YES,2,$7100,11/2018,2018,No
4268,323,Mastercard,Debit,2147483647,10/2024,413,YES,2,$5082,08/2008,2009,No
3071,742,Mastercard,Credit,2147483647,10/2010,868,YES,2,$12700,05/2010,2010,No
6070,554,Mastercard,Debit,2147483647,07/2019,960,YES,2,$32676,12/2012,2012,No
1629,1119,Mastercard,Debit,2147483647,01/2024,712,YES,2,$7458,02/2020,2020,No
6125,979,Mastercard,Credit,2147483647,02/2020,628,YES,2,$5700,12/2016,2016,No
5206,1642,Mastercard,Credit,2147483647,03/2020,365,YES,1,$11200,10/2010,2010,No
549,448,Mastercard,Credit,2147483647,02/2021,247,YES,2,$7200,01/2020,2020,No
3095,1281,Mastercard,Credit,2147483647,01/2017,838,YES,1,$10100,05/2011,2016,No
4379,760,Visa,Debit (Prepaid),2147483647,01/2023,822,NO,1,$59,08/2011,2011,No
2704,985,Visa,Credit,2147483647,02/2019,466,YES,1,$300,04/2012,2012,No
4499,766,Visa,Debit,2147483647,08/2020,907,YES,2,$14248,09/1999,2010,No
2855,845,Mastercard,Debit,2147483647,10/2014,390,YES,2,$20362,05/2004,2012,No
5621,708,Visa,Debit,2147483647,06/2022,53,YES,1,$132439,11/2010,2011,No
4318,668,Mastercard,Credit,2147483647,08/2021,397,YES,1,$0,08/2010,2010,No
3361,721,Visa,Debit,2147483647,06/2021,202,YES,1,$8400,06/2007,2008,No
4481,467,Mastercard,Debit,2147483647,01/2021,925,YES,2,$31741,08/2019,2019,No
1460,309,Mastercard,Debit,2147483647,02/2020,630,YES,3,$9944,02/2020,2020,No
5753,1445,Discover,Credit,2147483647,04/2022,163,YES,2,$10200,12/1997,2011,No
5129,1391,Visa,Debit,2147483647,10/2024,271,YES,2,$29573,10/2008,2009,No
4040,584,Visa,Credit,2147483647,04/2021,771,YES,1,$6500,07/2015,2015,No
5000,100,Visa,Debit,2147483647,01/2020,674,YES,2,$41084,10/2003,2012,No
5087,905,Mastercard,Debit,2147483647,02/2010,963,YES,1,$19600,10/2007,2015,No
1123,514,Visa,Credit,2147483647,04/2023,240,YES,2,$8500,02/2007,2007,No
2824,42,Discover,Credit,2147483647,06/2021,943,YES,1,$6300,05/2002,2011,No
49,16,Mastercard,Debit,2147483647,08/2015,59,YES,2,$1575,01/2004,2005,No
5391,4,Visa,Debit,2147483647,04/2022,787,YES,1,$38648,11/2003,2005,No
3943,742,Mastercard,Debit,2147483647,04/2020,727,NO,2,$22839,07/2010,2015,No
295,1769,Mastercard,Debit (Prepaid),2147483647,11/2021,853,NO,1,$78,01/2012,2012,No
2163,1940,Visa,Credit,2147483647,02/2020,245,YES,2,$5700,03/2007,2010,No
2743,1406,Mastercard,Debit,2147483647,04/2020,348,YES,1,$9431,04/2015,2015,No
153,1728,Mastercard,Debit,2147483647,03/2023,431,YES,2,$1930,01/2008,2015,No
1834,786,Visa,Debit,2147483647,07/2022,846,YES,2,$21032,02/2020,2020,No
3115,1116,Mastercard,Debit,2147483647,01/2019,922,YES,1,$29333,05/2012,2012,No
4061,1523,Visa,Debit,2147483647,01/2020,656,YES,1,$13438,07/2017,2017,No
5949,1856,Visa,Debit,2147483647,02/2020,50,YES,1,$1873,12/2008,2010,No
5861,234,Mastercard,Credit,2147483647,12/2009,88,YES,2,$6400,12/2006,2009,No
551,1778,Mastercard,Debit,2147483647,08/2022,259,YES,1,$13857,01/2020,2020,No
4282,105,Visa,Credit,2147483647,09/2022,939,YES,1,$10200,08/2008,2012,No
5790,1317,Mastercard,Debit,2147483647,09/2022,389,YES,1,$9059,12/2003,2008,No
6091,93,Visa,Credit,2147483647,02/2021,441,YES,1,$1800,12/2013,2013,No
2171,1492,Mastercard,Debit (Prepaid),2147483647,11/2022,320,YES,1,$18,03/2008,2010,No
2727,1477,Mastercard,Debit,2147483647,02/2020,717,YES,2,$18171,04/2014,2014,No
681,70,Mastercard,Debit,2147483647,08/2021,24,NO,2,$30637,01/2020,2020,No
4084,159,Mastercard,Debit,2147483647,10/2024,487,YES,1,$14178,08/1995,2010,No
3390,1636,Mastercard,Credit,2147483647,05/2024,843,YES,1,$5600,06/2008,2011,No
132,249,Mastercard,Credit,2147483647,07/2024,475,YES,2,$9300,01/2007,2010,No
4486,1763,Visa,Debit,2147483647,05/2020,450,YES,1,$12220,09/1993,2011,No
3914,467,Visa,Credit,2147483647,03/2024,207,YES,2,$11200,07/2009,2011,No
1404,1760,Amex,Credit,2147483647,05/2022,536,YES,1,$14600,02/2020,2020,No
657,10,Mastercard,Debit,2147483647,03/2022,113,YES,1,$24602,01/2020,2020,No
4056,1712,Mastercard,Debit,2147483647,11/2021,958,NO,1,$25985,07/2017,2017,No
1676,293,Mastercard,Credit,2147483647,03/2022,353,YES,1,$9300,02/2020,2020,No
3963,756,Visa,Debit,2147483647,02/2023,276,YES,1,$7721,07/2010,2010,No
2405,674,Mastercard,Debit,2147483647,03/2021,395,YES,2,$4501,04/1999,2015,No
4585,65,Visa,Debit,2147483647,09/2024,431,YES,2,$13452,09/2005,2012,No
4156,831,Mastercard,Debit,2147483647,04/2022,744,YES,2,$8571,08/2005,2015,No
1042,1223,Visa,Debit,2147483647,06/2010,955,YES,1,$92939,02/2004,2011,No
298,729,Mastercard,Debit,2147483647,04/2023,166,YES,1,$17795,01/2012,2012,No
965,1977,Mastercard,Debit,2147483647,10/2022,344,YES,2,$15341,02/1999,2014,No
1398,685,Amex,Credit,2147483647,12/2022,443,YES,2,$12100,02/2020,2020,No
630,239,Mastercard,Debit,2147483647,02/2020,994,YES,2,$9279,01/2020,2020,No
5444,1145,Visa,Debit (Prepaid),2147483647,03/2012,861,YES,2,$33,11/2005,2010,No
1973,493,Visa,Debit,2147483647,10/2024,652,YES,2,$9241,02/2020,2020,No
4578,317,Mastercard,Credit,2147483647,09/2012,247,YES,2,$9300,09/2005,2014,No
2440,346,Mastercard,Debit,2147483647,05/2023,189,YES,2,$28886,04/2003,2011,No
44,1267,Visa,Debit,2147483647,08/2024,282,YES,2,$27584,01/2003,2008,No
5081,691,Mastercard,Debit,2147483647,09/2012,328,YES,1,$10824,10/2007,2015,No
3882,1975,Mastercard,Debit,2147483647,05/2023,996,YES,1,$18491,07/2009,2011,No
3022,1018,Visa,Credit,2147483647,12/2020,725,YES,2,$9800,05/2009,2011,No
5158,1676,Mastercard,Debit,2147483647,09/2021,129,YES,2,$4055,10/2009,2017,No
2216,782,Mastercard,Debit (Prepaid),2147483647,10/2020,634,YES,2,$85,03/2009,2011,No
5581,847,Visa,Credit,2147483647,10/2013,359,YES,1,$8600,11/2009,2014,No
5542,1673,Visa,Debit,2147483647,08/2023,439,YES,2,$17853,11/2008,2011,No
5994,1478,Discover,Credit,2147483647,03/2022,285,YES,2,$14800,12/2010,2011,No
886,434,Visa,Debit,2147483647,02/2020,142,YES,1,$25579,01/2020,2020,No
4734,1616,Mastercard,Credit,2147483647,09/2022,793,NO,2,$22900,09/2009,2010,No
2703,1859,Mastercard,Debit,2147483647,06/2021,609,YES,1,$15976,04/2012,2012,No
4477,181,Amex,Credit,2147483647,12/2019,884,YES,2,$13700,08/2019,2019,No
3965,716,Discover,Credit,2147483647,03/2024,590,YES,2,$5200,07/2011,2011,No
4314,349,Visa,Debit,2147483647,09/2020,393,YES,1,$30348,08/2009,2010,No
4674,1142,Mastercard,Debit,2147483647,02/2020,461,YES,2,$43984,09/2008,2013,No
3439,566,Mastercard,Credit,2147483647,02/2023,118,YES,1,$11000,06/2009,2009,No
293,321,Amex,Credit,2147483647,08/2018,194,YES,1,$3300,01/2012,2012,No
4801,1911,Visa,Debit,2147483647,06/2020,872,YES,1,$21057,09/2010,2010,No
3771,1053,Mastercard,Debit (Prepaid),2147483647,03/2020,223,YES,1,$61,07/2006,2011,No
1578,1327,Mastercard,Debit,2147483647,11/2022,789,YES,1,$15516,02/2020,2020,No
5178,234,Visa,Debit,2147483647,08/2021,682,NO,2,$6532,10/2009,2009,No
3812,327,Mastercard,Credit,2147483647,05/2009,456,YES,1,$14900,07/2007,2008,No
3896,1470,Mastercard,Debit,2147483647,01/2024,162,YES,3,$4394,07/2009,2009,No
4883,535,Mastercard,Credit,2147483647,06/2024,172,YES,2,$12200,09/2015,2015,No
4480,1173,Mastercard,Debit,2147483647,02/2020,29,YES,2,$17503,08/2019,2019,No
187,1535,Visa,Debit,2147483647,08/2021,887,YES,1,$17231,01/2008,2008,No
4933,1876,Mastercard,Debit,2147483647,04/2023,974,YES,1,$16082,10/1998,2010,No
2987,304,Visa,Debit,2147483647,01/2022,425,YES,2,$13773,05/2008,2008,No
2178,1340,Mastercard,Debit (Prepaid),2147483647,08/2020,729,YES,2,$36,03/2008,2018,No
2038,316,Visa,Credit,2147483647,01/2023,448,YES,2,$10500,03/2002,2010,No
5653,1604,Mastercard,Credit,2147483647,11/2011,626,YES,2,$11200,11/2011,2013,No
286,764,Visa,Debit,2147483647,04/2020,462,YES,1,$16109,01/2011,2011,No
5251,1223,Visa,Debit,2147483647,11/2011,564,YES,2,$86262,10/2011,2011,No
3837,650,Mastercard,Debit (Prepaid),2147483647,03/2021,209,YES,2,$121,07/2008,2008,No
1479,1968,Mastercard,Debit (Prepaid),2147483647,02/2020,309,YES,1,$46,02/2020,2020,No
2534,1169,Mastercard,Credit,2147483647,04/2009,519,YES,1,$22000,04/2007,2013,No
5054,529,Mastercard,Debit (Prepaid),2147483647,04/2021,427,YES,1,$73,10/2006,2009,No
4120,1747,Visa,Credit,2147483647,07/2023,149,NO,1,$15400,08/2003,2008,No
5504,1546,Visa,Credit,2147483647,05/2023,167,YES,2,$6400,11/2007,2007,No
2669,1348,Visa,Debit,2147483647,09/2010,790,YES,1,$1,04/2010,2010,No
1740,495,Mastercard,Debit,2147483647,10/2022,227,YES,2,$16747,02/2020,2020,No
5226,1913,Amex,Credit,2147483647,12/2022,312,YES,2,$16700,10/2011,2011,No
1492,1948,Mastercard,Credit,2147483647,03/2022,749,YES,1,$15900,02/2020,2020,No
680,632,Mastercard,Debit,2147483647,05/2022,927,YES,1,$16557,01/2020,2020,No
4583,1128,Visa,Credit,2147483647,01/2020,785,YES,2,$8600,09/2005,2011,No
5378,369,Mastercard,Debit (Prepaid),2147483647,01/2023,445,YES,1,$90,11/2002,2009,No
5503,11,Visa,Credit,2147483647,09/2024,763,YES,1,$19400,11/2007,2010,No
5992,1609,Amex,Credit,2147483647,09/2022,999,YES,1,$19400,12/2010,2013,No
5039,1405,Visa,Debit,2147483647,11/2022,673,YES,1,$30314,10/2005,2007,No
4404,1473,Mastercard,Debit,2147483647,03/2024,991,YES,1,$16791,08/2013,2013,No
5392,1211,Visa,Debit,2147483647,05/2024,462,YES,1,$23912,11/2003,2009,No
4315,1528,Visa,Debit,2147483647,12/2022,511,NO,3,$8033,08/2009,2014,No
4010,704,Mastercard,Debit,2147483647,02/2024,206,YES,1,$47330,07/2013,2013,No
4105,752,Visa,Debit,2147483647,07/2020,307,NO,2,$19765,08/2001,2009,No
3543,1684,Mastercard,Debit,2147483647,04/2014,946,YES,1,$13756,06/2012,2012,No
4654,106,Visa,Debit,2147483647,11/2007,364,YES,1,$19419,09/2007,2010,No
2122,1138,Mastercard,Debit (Prepaid),2147483647,02/2020,223,YES,2,$51,03/2006,2011,No
350,797,Visa,Debit,2147483647,06/2021,920,YES,1,$20779,01/2015,2015,No
5922,1405,Amex,Credit,2147483647,07/2013,751,YES,2,$12400,12/2008,2010,No
4111,419,Visa,Debit,2147483647,02/2022,580,NO,1,$7943,08/2002,2005,No
1878,834,Visa,Credit,2147483647,02/2020,613,YES,2,$1200,02/2020,2020,No
991,1262,Mastercard,Debit,2147483647,07/2020,542,YES,2,$4747,02/2001,2012,No
2999,1686,Mastercard,Credit,2147483647,04/2024,594,YES,2,$10800,05/2009,2010,No
5051,1876,Mastercard,Debit,2147483647,03/2012,387,YES,2,$26562,10/2006,2008,No
3745,637,Visa,Credit,2147483647,10/2011,262,YES,2,$28600,07/2005,2011,No
2693,1207,Mastercard,Credit,2147483647,11/2020,143,YES,1,$16800,04/2012,2012,No
3796,492,Visa,Debit,2147483647,05/2022,288,YES,1,$16905,07/2006,2008,No
3487,1089,Mastercard,Debit (Prepaid),2147483647,07/2010,255,YES,1,$68,06/2010,2011,No
4395,710,Visa,Debit,2147483647,09/2019,35,YES,1,$40984,08/2012,2012,No
1617,1436,Mastercard,Credit,2147483647,08/2024,524,YES,2,$3600,02/2020,2020,No
5944,1694,Visa,Credit,2147483647,02/2024,94,YES,2,$17700,12/2008,2011,No
3736,440,Mastercard,Debit,2147483647,04/2019,810,YES,2,$47131,07/2005,2008,No
257,1856,Visa,Debit,2147483647,03/2016,750,YES,2,$3909,01/2010,2010,No
2978,1487,Visa,Debit,2147483647,10/2022,943,YES,1,$31589,05/2008,2008,No
2689,80,Visa,Debit,2147483647,02/2024,881,YES,1,$13569,04/2011,2011,No
771,1804,Visa,Credit,2147483647,03/2023,701,YES,2,$200,01/2020,2020,No
3554,348,Visa,Credit,2147483647,07/2014,786,YES,2,$13300,06/2012,2012,No
5557,1515,Discover,Credit,2147483647,05/2022,959,YES,2,$16300,11/2009,2011,No
1543,270,Mastercard,Debit,2147483647,09/2020,790,YES,1,$24886,02/2020,2020,No
5155,1475,Mastercard,Debit,2147483647,08/2020,499,YES,1,$3614,10/2009,2009,No
278,1974,Mastercard,Debit,2147483647,01/2020,947,YES,1,$15195,01/2011,2011,No
216,1398,Visa,Debit,2147483647,09/2016,32,YES,1,$23392,01/2009,2011,No
85,1236,Visa,Debit,2147483647,03/2019,555,YES,2,$1269,01/2005,2013,No
2288,835,Visa,Credit,2147483647,07/2017,881,YES,1,$11000,03/2011,2015,No
4343,658,Visa,Credit,2147483647,09/2011,89,YES,1,$5800,08/2010,2010,No
1049,221,Mastercard,Debit,2147483647,10/2022,751,YES,1,$11625,02/2005,2014,No
4471,1015,Mastercard,Debit,2147483647,07/2021,842,YES,1,$35493,08/2018,2018,No
5138,62,Visa,Debit,2147483647,08/2019,910,YES,2,$5909,10/2008,2012,No
4080,223,Visa,Debit (Prepaid),2147483647,04/2024,928,YES,1,$55,07/2019,2019,No
5622,822,Visa,Credit,2147483647,01/2021,221,NO,2,$7100,11/2010,2010,No
5122,1898,Mastercard,Debit,2147483647,08/2023,244,YES,2,$13296,10/2008,2016,No
6137,1256,Mastercard,Debit,2147483647,10/2021,852,YES,2,$28850,12/2018,2018,No
4112,1783,Amex,Credit,2147483647,03/2020,659,YES,1,$9800,08/2003,2010,No
354,890,Mastercard,Debit,2147483647,09/2023,75,YES,1,$19573,01/2016,2016,No
2135,323,Visa,Debit,2147483647,05/2016,895,NO,1,$7003,03/2006,2012,No
3806,120,Mastercard,Debit,2147483647,04/2022,980,YES,2,$13510,07/2007,2016,No
1140,1314,Mastercard,Debit,2147483647,03/2022,447,NO,2,$14664,02/2008,2010,No
3616,391,Visa,Debit,2147483647,01/2020,156,YES,2,$12483,06/2016,2016,No
5680,214,Visa,Credit,2147483647,11/2012,693,YES,3,$0,11/2012,2012,No
4012,646,Mastercard,Debit,2147483647,05/2022,379,YES,2,$15822,07/2013,2013,No
2009,1276,Mastercard,Credit,2147483647,04/2024,910,YES,1,$19000,03/1998,2016,No
4587,1791,Visa,Debit,2147483647,01/2023,713,YES,2,$7830,09/2005,2010,No
56,1772,Mastercard,Debit (Prepaid),2147483647,03/2020,94,YES,2,$96,01/2004,2011,No
201,1072,Mastercard,Debit,2147483647,03/2020,155,NO,1,$6326,01/2009,2010,No
5579,1920,Mastercard,Debit,2147483647,02/2024,247,NO,2,$1726,11/2009,2014,No
6129,261,Visa,Debit,2147483647,05/2018,827,YES,1,$32285,12/2016,2016,No
981,173,Mastercard,Debit,2147483647,02/2002,501,YES,2,$23502,02/2000,2020,No
2742,42,Discover,Credit,2147483647,02/2019,56,YES,2,$5600,04/2015,2015,No
3555,519,Visa,Debit (Prepaid),2147483647,04/2018,0,YES,1,$72,06/2012,2012,No
3574,237,Visa,Debit,2147483647,02/2021,398,NO,1,$38900,06/2013,2013,No
1716,670,Mastercard,Debit (Prepaid),2147483647,08/2021,144,YES,2,$57,02/2020,2020,No
1058,779,Mastercard,Debit,2147483647,10/2023,797,NO,2,$3099,02/2005,2013,No
5260,1293,Mastercard,Debit,2147483647,05/2021,117,YES,1,$16339,10/2012,2012,No
4777,703,Mastercard,Credit,2147483647,04/2024,644,YES,2,$2000,09/2010,2010,No
3442,285,Visa,Debit (Prepaid),2147483647,02/2022,393,YES,1,$65,06/2009,2009,No
5786,1997,Amex,Credit,2147483647,08/2022,333,YES,1,$25600,12/2003,2009,No
1950,1841,Visa,Credit,2147483647,01/2024,180,NO,2,$11300,02/2020,2020,No
1313,1603,Mastercard,Debit,2147483647,06/2024,810,YES,2,$14223,02/2013,2013,No
3833,973,Amex,Credit,2147483647,09/2024,201,YES,1,$8300,07/2008,2015,No
5757,1164,Mastercard,Debit,2147483647,01/2022,886,YES,1,$34900,12/1999,2012,No
3907,1060,Visa,Credit,2147483647,05/2021,488,NO,1,$10600,07/2009,2018,No
5278,575,Visa,Credit,2147483647,05/2023,476,YES,2,$6800,10/2013,2013,No
5414,1877,Visa,Credit,2147483647,09/2022,966,YES,2,$9700,11/2004,2007,No
5076,1276,Mastercard,Credit,2147483647,10/2021,183,YES,1,$15000,10/2007,2013,No
4961,1911,Amex,Credit,2147483647,04/2021,94,YES,1,$8900,10/2002,2012,No
4724,416,Mastercard,Debit (Prepaid),2147483647,12/2022,16,YES,2,$46,09/2009,2016,No
1384,1091,Visa,Debit,2147483647,10/2019,22,YES,1,$29685,02/2018,2018,No
5648,619,Mastercard,Debit,2147483647,03/2021,541,YES,1,$23220,11/2011,2011,No
3059,1057,Mastercard,Debit,2147483647,09/2015,546,YES,1,$23395,05/2010,2020,No
2965,1513,Mastercard,Credit,2147483647,07/2021,779,YES,1,$27200,05/2008,2011,No
4425,1543,Mastercard,Debit,2147483647,08/2022,13,YES,2,$47709,08/2014,2014,No
1650,1272,Mastercard,Debit,2147483647,04/2021,771,YES,1,$8807,02/2020,2020,No
375,1769,Visa,Credit,2147483647,10/2023,598,YES,2,$9900,01/2018,2018,No
2741,1034,Amex,Credit,2147483647,02/2020,213,YES,2,$11800,04/2015,2015,No
1236,1655,Mastercard,Credit,2147483647,12/2012,361,YES,1,$8400,02/2010,2013,No
5475,60,Visa,Debit (Prepaid),2147483647,05/2024,692,YES,3,$45,11/2006,2012,No
3377,1874,Mastercard,Debit,2147483647,10/2012,674,YES,1,$17872,06/2008,2008,No
1753,614,Mastercard,Debit,2147483647,02/2020,842,YES,1,$12829,02/2020,2020,No
5477,1913,Amex,Credit,2147483647,10/2024,952,YES,1,$17800,11/2007,2011,No
1300,678,Mastercard,Credit,2147483647,08/2022,377,YES,2,$8600,02/2012,2012,No
1841,268,Visa,Debit,2147483647,02/2020,231,YES,2,$14263,02/2020,2020,No
709,523,Mastercard,Credit,2147483647,02/2020,232,YES,1,$8300,01/2020,2020,No
3568,1903,Mastercard,Debit,2147483647,05/2020,678,YES,1,$54517,06/2013,2013,No
2081,871,Mastercard,Debit,2147483647,11/2023,952,YES,2,$8052,03/2005,2012,No
5877,1913,Mastercard,Credit,2147483647,11/2020,356,YES,2,$16200,12/2007,2011,No
936,799,Visa,Credit,2147483647,02/2020,343,YES,2,$6600,01/2020,2020,No
3240,110,Visa,Debit,2147483647,03/2008,274,NO,1,$32223,06/2002,2005,No
3087,1296,Discover,Credit,2147483647,12/2022,588,YES,1,$19800,05/2011,2011,No
2453,1530,Amex,Credit,2147483647,04/2023,676,YES,1,$400,04/2004,2009,No
4178,469,Mastercard,Debit,2147483647,04/2009,488,YES,2,$9010,08/2006,2007,No
2438,77,Visa,Credit,2147483647,07/2014,401,YES,2,$13700,04/2002,2012,No
1603,115,Mastercard,Debit,2147483647,02/2024,926,YES,1,$55750,02/2020,2020,No
4729,1500,Mastercard,Credit,2147483647,12/2020,195,YES,2,$14000,09/2009,2011,No
2617,1686,Visa,Credit,2147483647,07/2024,385,YES,1,$16300,04/2009,2013,No
3561,1258,Visa,Debit,2147483647,11/2022,7,NO,1,$14484,06/2012,2012,No
3376,948,Discover,Credit,2147483647,05/2011,138,YES,1,$7900,06/2008,2013,No
5120,33,Mastercard,Credit,2147483647,02/2020,526,YES,1,$7400,10/2008,2009,No
5415,382,Visa,Debit,2147483647,08/2024,237,YES,1,$11809,11/2004,2010,No
6001,1182,Mastercard,Debit,2147483647,12/2021,718,YES,1,$5716,12/2010,2020,No
999,1498,Mastercard,Debit (Prepaid),2147483647,12/2024,904,YES,2,$65,02/2002,2008,No
1987,1496,Visa,Debit,2147483647,09/2021,462,YES,1,$29065,02/2020,2020,No
3099,75,Mastercard,Credit,2147483647,10/2021,551,YES,2,$9200,05/2011,2011,No
1911,1336,Visa,Credit,2147483647,02/2020,875,YES,2,$15000,02/2020,2020,No
2336,1515,Visa,Credit,2147483647,08/2023,540,YES,2,$7700,03/2014,2014,No
4050,1856,Visa,Debit (Prepaid),2147483647,06/2023,420,YES,1,$85,07/2016,2016,No
2929,480,Mastercard,Debit,2147483647,09/2022,944,YES,1,$51051,05/2007,2012,No
3149,1274,Mastercard,Debit,2147483647,09/2023,38,YES,1,$18573,05/2014,2014,No
6098,1557,Discover,Credit,2147483647,04/2020,750,YES,2,$9000,12/2014,2014,No
4330,1112,Mastercard,Debit,2147483647,08/2013,409,YES,2,$14702,08/2010,2010,No
2160,1998,Visa,Debit (Prepaid),2147483647,11/2022,756,YES,1,$110,03/2007,2007,No
6002,754,Mastercard,Debit,2147483647,09/2021,348,YES,1,$9,12/2010,2013,No
5864,277,Mastercard,Debit,2147483647,03/2016,985,NO,2,$14098,12/2006,2009,No
3378,165,Mastercard,Debit (Prepaid),2147483647,04/2023,206,YES,2,$61,06/2008,2015,No
5849,1787,Visa,Debit,2147483647,05/2007,704,YES,2,$33807,12/2005,2008,No
4544,60,Visa,Credit,2147483647,11/2020,785,YES,2,$6400,09/2003,2010,No
895,1458,Visa,Credit,2147483647,07/2020,265,YES,2,$8000,01/2020,2020,No
3747,1477,Visa,Debit,2147483647,07/2024,133,YES,1,$44314,07/2005,2008,No
3617,1158,Discover,Credit,2147483647,03/2019,499,YES,1,$7800,06/2017,2017,No
1507,1560,Mastercard,Credit,2147483647,02/2023,627,YES,2,$3300,02/2020,2020,No
5402,471,Mastercard,Debit,2147483647,11/2009,383,YES,1,$29739,11/2004,2008,No
446,1938,Mastercard,Debit,2147483647,11/2020,856,YES,1,$2868,01/2020,2020,No
4328,652,Mastercard,Debit,2147483647,12/2024,348,YES,1,$16203,08/2010,2010,No
2807,138,Amex,Credit,2147483647,02/2023,788,YES,1,$6900,05/2000,2012,No
4706,1718,Mastercard,Debit,2147483647,06/2024,360,YES,1,$16055,09/2009,2009,No
2361,598,Visa,Credit,2147483647,10/2021,609,YES,2,$11400,03/2016,2016,No
2050,491,Visa,Credit,2147483647,08/2021,775,YES,2,$8000,03/2003,2008,No
3073,348,Visa,Credit,2147483647,04/2020,160,YES,1,$13500,05/2010,2012,No
1824,1979,Visa,Credit,2147483647,02/2020,706,YES,1,$19600,02/2020,2020,No
3252,908,Mastercard,Debit,2147483647,01/2023,951,YES,1,$3630,06/2003,2009,No
46,732,Visa,Debit (Prepaid),2147483647,11/2022,662,YES,2,$63,01/2003,2010,No
1001,59,Mastercard,Credit,2147483647,06/2021,765,YES,2,$8800,02/2002,2013,No
1847,494,Visa,Debit,2147483647,01/2024,45,YES,1,$29335,02/2020,2020,No
5586,954,Visa,Debit,2147483647,10/2024,359,YES,1,$24104,11/2009,2009,No
3468,1394,Mastercard,Debit,2147483647,06/2016,555,YES,1,$19597,06/2010,2010,No
611,134,Mastercard,Debit,2147483647,02/2020,560,YES,1,$27290,01/2020,2020,No
2912,851,Visa,Debit,2147483647,01/2009,467,NO,2,$6335,05/2006,2020,No
262,590,Visa,Debit,2147483647,11/2022,959,NO,2,$7644,01/2010,2010,No
3255,674,Mastercard,Credit,2147483647,01/2021,475,NO,1,$6500,06/2003,2012,No
4633,1907,Mastercard,Debit,2147483647,09/2023,838,YES,1,$8342,09/2007,2009,No
4483,1059,Visa,Debit,2147483647,04/2023,588,YES,1,$27036,08/2019,2019,No
219,1380,Visa,Debit (Prepaid),2147483647,06/2011,725,YES,1,$85,01/2009,2009,No
4957,1370,Mastercard,Debit,2147483647,07/2024,88,YES,2,$12610,10/2001,2007,No
620,508,Mastercard,Debit (Prepaid),2147483647,07/2020,451,YES,2,$98,01/2020,2020,No
1110,1382,Mastercard,Debit (Prepaid),2147483647,01/2017,251,YES,1,$54,02/2007,2008,No
4316,1128,Amex,Credit,2147483647,09/2020,71,YES,2,$8400,08/2010,2012,No
1488,540,Mastercard,Debit,2147483647,07/2022,466,YES,2,$146,02/2020,2020,No
917,510,Visa,Debit,2147483647,01/2020,573,YES,2,$14797,01/2020,2020,No
932,1542,Visa,Debit,2147483647,07/2023,65,YES,1,$20971,01/2020,2020,No
2670,942,Amex,Credit,2147483647,05/2023,593,YES,1,$20800,04/2011,2013,No
1284,1973,Visa,Debit,2147483647,04/2021,147,YES,2,$13202,02/2011,2011,No
4439,881,Visa,Debit,2147483647,04/2018,967,YES,1,$31491,08/2014,2014,No
3134,371,Mastercard,Credit,2147483647,12/2018,471,YES,2,$27600,05/2013,2013,No
2625,166,Visa,Debit,2147483647,02/2021,740,YES,1,$271,04/2009,2012,No
351,449,Visa,Debit,2147483647,05/2021,994,YES,2,$21594,01/2015,2015,No
4532,957,Mastercard,Debit,2147483647,06/2020,515,NO,1,$27974,09/2003,2012,No
5323,398,Mastercard,Debit,2147483647,02/2020,419,YES,1,$15125,10/2017,2017,No
3277,996,Visa,Debit,2147483647,07/2005,979,YES,2,$16167,06/2004,2009,No
1131,974,Visa,Debit,2147483647,07/2007,181,YES,1,$36271,02/2007,2010,No
1361,1240,Visa,Debit,2147483647,11/2022,794,YES,2,$16638,02/2015,2015,No
2354,617,Mastercard,Debit,2147483647,07/2022,255,YES,2,$26147,03/2016,2016,No
3325,1514,Mastercard,Credit,2147483647,02/2016,56,YES,2,$10900,06/2006,2012,No
4658,739,Discover,Credit,2147483647,07/2009,784,YES,2,$6900,09/2008,2011,No
5717,169,Visa,Debit,2147483647,07/2022,167,YES,1,$10194,11/2015,2015,No
1021,1076,Mastercard,Debit,2147483647,07/2023,575,YES,1,$16144,02/2003,2011,No
5011,20,Mastercard,Credit,2147483647,03/2021,834,YES,2,$9000,10/2004,2011,No
696,1293,Mastercard,Debit,2147483647,07/2021,614,YES,2,$23902,01/2020,2020,No
3534,860,Visa,Debit,2147483647,12/2011,601,YES,1,$21885,06/2011,2011,No
6029,1966,Visa,Debit,2147483647,11/2020,883,YES,1,$13778,12/2010,2015,No
3977,1504,Mastercard,Debit,2147483647,01/2020,469,YES,1,$8444,07/2011,2011,No
1813,1474,Visa,Debit,2147483647,01/2023,791,YES,1,$33397,02/2020,2020,No
5858,1489,Mastercard,Debit,2147483647,12/2006,896,YES,1,$14138,12/2006,2011,No
2792,118,Discover,Credit,2147483647,11/2024,75,YES,1,$6700,05/1997,2016,No
5242,589,Mastercard,Debit,2147483647,12/2020,383,YES,2,$14094,10/2011,2018,No
3051,782,Mastercard,Debit,2147483647,03/2024,62,NO,2,$13055,05/2010,2010,No
2556,1315,Visa,Debit,2147483647,01/2023,655,NO,1,$14464,04/2007,2008,No
5089,1857,Mastercard,Credit,2147483647,07/2024,126,YES,1,$27700,10/2007,2013,No
6075,246,Visa,Debit,2147483647,10/2023,417,YES,1,$26110,12/2012,2012,No
451,1734,Mastercard,Debit,2147483647,01/2020,843,NO,2,$39312,01/2020,2020,No
3273,494,Mastercard,Credit,2147483647,10/2021,265,YES,2,$13500,06/2004,2014,No
6108,997,Mastercard,Debit (Prepaid),2147483647,12/2020,14,YES,1,$57,12/2015,2015,No
5741,976,Visa,Debit,2147483647,07/2022,289,YES,1,$24296,11/2018,2018,No
5915,1840,Visa,Credit,2147483647,10/2020,263,YES,1,$14600,12/2007,2008,No
3620,205,Mastercard,Debit,2147483647,05/2024,167,YES,1,$12193,06/2017,2017,No
5885,1740,Mastercard,Debit,2147483647,05/2011,972,YES,2,$23189,12/2007,2008,No
5683,1063,Mastercard,Debit,2147483647,07/2015,71,YES,1,$28805,11/2013,2013,No
3319,1709,Mastercard,Debit,2147483647,12/2023,947,YES,2,$13461,06/2006,2010,No
3454,1084,Visa,Debit,2147483647,07/2023,810,YES,1,$35268,06/2009,2009,No
3499,1615,Visa,Debit,2147483647,02/2020,378,YES,2,$13637,06/2010,2012,No
4323,1097,Mastercard,Debit,2147483647,01/2022,477,YES,1,$10445,08/2010,2010,No
3490,370,Visa,Debit,2147483647,02/2023,494,YES,1,$8509,06/2010,2010,No
4033,1520,Discover,Credit,2147483647,11/2023,899,YES,1,$1100,07/2015,2015,No
3974,1994,Mastercard,Debit (Prepaid),2147483647,08/2022,938,YES,1,$63,07/2011,2011,No
1493,1011,Mastercard,Debit,2147483647,05/2024,930,YES,2,$21470,02/2020,2020,No
2559,165,Mastercard,Debit,2147483647,08/2010,149,YES,2,$24980,04/2008,2014,No
3427,1081,Mastercard,Credit,2147483647,01/2024,414,YES,1,$10400,06/2009,2010,No
5049,1512,Mastercard,Debit,2147483647,09/2019,644,YES,2,$26357,10/2006,2013,No
6063,1988,Visa,Credit,2147483647,10/2019,524,YES,2,$37400,12/2011,2011,No
6021,719,Visa,Credit,2147483647,08/2023,554,YES,1,$13900,12/2010,2010,No
5984,1345,Visa,Credit,2147483647,09/2020,228,YES,1,$13900,12/2009,2011,No
3951,52,Visa,Debit,2147483647,10/2023,995,YES,1,$23404,07/2010,2012,No
3805,460,Mastercard,Debit,2147483647,09/2023,435,YES,2,$49107,07/2007,2011,No
1296,688,Amex,Credit,2147483647,11/2018,709,NO,2,$6600,02/2012,2012,No
2814,1725,Mastercard,Debit (Prepaid),2147483647,02/2010,454,YES,2,$15,05/2001,2009,No
3437,1577,Mastercard,Debit,2147483647,03/2024,596,YES,1,$2037,06/2009,2013,No
959,1659,Mastercard,Debit,2147483647,11/2021,570,YES,1,$22242,02/1996,2012,No
495,85,Mastercard,Debit,2147483647,10/2023,617,YES,2,$9953,01/2020,2020,No
1626,522,Mastercard,Credit,2147483647,10/2024,991,YES,1,$10200,02/2020,2020,No
1830,1580,Visa,Debit,2147483647,09/2020,974,YES,1,$1741,02/2020,2020,No
4826,1787,Visa,Debit,2147483647,07/2024,872,YES,1,$37338,09/2011,2011,No
240,218,Mastercard,Debit,2147483647,03/2024,565,YES,2,$11694,01/2010,2012,No
4922,650,Mastercard,Debit,2147483647,04/2022,14,YES,1,$12139,09/2019,2019,No
2957,1397,Mastercard,Debit,2147483647,05/2023,492,YES,2,$29340,05/2008,2010,No
3960,1516,Visa,Debit,2147483647,12/2022,190,YES,2,$25010,07/2010,2010,No
4788,329,Mastercard,Credit,2147483647,07/2024,278,YES,1,$9500,09/2010,2015,No
5812,1246,Mastercard,Debit,2147483647,04/2021,494,NO,1,$15087,12/2004,2005,No
3070,114,Mastercard,Debit,2147483647,01/2019,875,YES,2,$16617,05/2010,2011,No
4678,465,Mastercard,Credit,2147483647,06/2021,118,YES,2,$5800,09/2008,2008,No
4884,622,Mastercard,Debit (Prepaid),2147483647,10/2015,769,YES,2,$86,09/2015,2015,No
113,1736,Visa,Debit,2147483647,06/2021,880,YES,1,$23631,01/2006,2014,No
1591,975,Mastercard,Debit (Prepaid),2147483647,10/2022,671,YES,2,$104,02/2020,2020,No
1689,761,Mastercard,Credit,2147483647,06/2022,550,YES,1,$16700,02/2020,2020,No
5208,363,Mastercard,Debit (Prepaid),2147483647,10/2022,56,YES,1,$35,10/2010,2010,No
3034,1587,Amex,Credit,2147483647,07/2022,728,YES,1,$30900,05/2010,2016,No
4991,1859,Mastercard,Debit,2147483647,03/2023,187,YES,1,$34560,10/2003,2011,No
4278,467,Visa,Credit,2147483647,07/2021,619,YES,2,$14500,08/2008,2010,No
4478,1759,Amex,Credit,2147483647,05/2020,754,YES,2,$9900,08/2019,2019,No
2931,79,Mastercard,Debit,2147483647,12/2020,69,YES,2,$6588,05/2007,2011,No
4819,427,Visa,Debit,2147483647,11/2024,574,YES,1,$11093,09/2011,2011,No
4047,571,Visa,Debit,2147483647,11/2023,42,YES,1,$16647,07/2016,2016,No
3187,839,Visa,Debit,2147483647,04/2024,259,YES,2,$25650,05/2016,2016,No
281,708,Visa,Credit,2147483647,05/2015,877,YES,2,$98100,01/2011,2011,No
292,532,Visa,Debit,2147483647,04/2024,721,YES,1,$25919,01/2011,2011,No
2688,1652,Visa,Debit,2147483647,05/2023,271,YES,2,$15652,04/2011,2011,No
5290,469,Mastercard,Debit,2147483647,08/2023,60,YES,1,$26162,10/2014,2014,No
4495,546,Mastercard,Debit,2147483647,10/2023,688,YES,2,$9285,09/1998,2013,No
4304,1855,Visa,Debit,2147483647,10/2009,663,YES,1,$19258,08/2009,2011,No
3850,32,Mastercard,Credit,2147483647,05/2012,569,YES,1,$11600,07/2008,2012,No
849,1068,Visa,Debit,2147483647,12/2024,50,YES,1,$11573,01/2020,2020,No
5740,43,Visa,Credit,2147483647,03/2020,326,YES,2,$21700,11/2018,2018,No
1560,1532,Mastercard,Debit,2147483647,06/2022,597,YES,1,$18648,02/2020,2020,No
798,1056,Visa,Debit,2147483647,03/2020,452,YES,1,$16202,01/2020,2020,No
1447,446,Discover,Credit,2147483647,02/2020,171,YES,2,$11100,02/2020,2020,No
2967,41,Mastercard,Debit (Prepaid),2147483647,05/2021,298,YES,1,$83,05/2008,2011,No
1831,1570,Visa,Credit,2147483647,02/2024,389,NO,1,$8700,02/2020,2020,No
2463,1419,Mastercard,Debit,2147483647,03/2021,282,YES,2,$27320,04/2004,2008,No
5847,931,Visa,Debit,2147483647,05/2022,190,YES,2,$21652,12/2005,2012,No
3673,386,Mastercard,Debit,2147483647,10/2023,126,YES,1,$25093,07/2002,2006,No
2974,443,Mastercard,Debit,2147483647,05/2013,643,YES,2,$15317,05/2008,2013,No
3713,982,Mastercard,Credit,2147483647,09/2022,587,YES,2,$8500,07/2004,2009,No
5171,1640,Visa,Credit,2147483647,01/2019,363,YES,1,$11400,10/2009,2009,No
3270,1213,Discover,Credit,2147483647,01/2021,86,YES,1,$12300,06/2004,2013,No
4245,1699,Mastercard,Debit,2147483647,05/2022,508,YES,1,$50961,08/2008,2010,No
1034,1853,Mastercard,Debit,2147483647,01/2024,357,NO,2,$8149,02/2004,2007,No
3495,875,Visa,Credit,2147483647,05/2024,840,YES,1,$7600,06/2010,2010,No
2938,989,Mastercard,Credit,2147483647,02/2024,764,YES,1,$28000,05/2007,2007,No
5939,1774,Mastercard,Credit,2147483647,03/2021,480,NO,1,$4000,12/2008,2012,No
502,1976,Mastercard,Debit,2147483647,12/2021,914,NO,2,$21291,01/2020,2020,No
4736,1485,Visa,Debit,2147483647,11/2023,358,YES,1,$12783,09/2009,2015,No
949,833,Visa,Debit,2147483647,01/2020,369,YES,1,$16736,01/2020,2020,No
4917,284,Mastercard,Debit,2147483647,12/2018,352,YES,1,$23206,09/2018,2018,No
1440,1792,Discover,Credit,2147483647,03/2024,277,YES,2,$4300,02/2020,2020,No
6044,1635,Mastercard,Debit,2147483647,02/2021,905,YES,2,$14348,12/2011,2011,No
3465,1746,Mastercard,Debit (Prepaid),2147483647,11/2020,722,YES,2,$54,06/2010,2015,No
5511,1121,Visa,Credit,2147483647,09/2020,171,YES,1,$23400,11/2007,2008,No
3524,1398,Mastercard,Credit,2147483647,09/2022,21,NO,1,$20100,06/2011,2012,No
2968,816,Mastercard,Debit,2147483647,02/2022,35,YES,2,$13343,05/2008,2011,No
4694,1885,Visa,Debit,2147483647,12/2012,788,YES,2,$18733,09/2008,2014,No
3091,733,Mastercard,Debit,2147483647,12/2020,277,YES,2,$2656,05/2011,2015,No
5033,230,Visa,Debit,2147483647,09/2022,434,NO,2,$14362,10/2005,2006,No
2005,1004,Visa,Debit,2147483647,01/2024,246,YES,1,$14366,03/1997,2008,No
3155,710,Visa,Credit,2147483647,10/2023,725,YES,1,$1300,05/2014,2014,No
2856,1916,Mastercard,Debit,2147483647,12/2022,402,YES,2,$7343,05/2004,2013,No
1948,531,Visa,Credit,2147483647,10/2022,58,YES,1,$9600,02/2020,2020,No
4595,1799,Mastercard,Debit (Prepaid),2147483647,03/2010,553,YES,1,$28,09/2006,2006,No
4621,190,Visa,Debit (Prepaid),2147483647,06/2011,600,YES,1,$41,09/2006,2017,No
1766,192,Visa,Debit,2147483647,07/2021,930,YES,1,$25499,02/2020,2020,No
1534,685,Mastercard,Debit,2147483647,02/2020,573,YES,1,$18976,02/2020,2020,No
4455,1660,Mastercard,Debit,2147483647,03/2024,754,YES,2,$12082,08/2016,2016,No
1316,302,Mastercard,Debit,2147483647,09/2020,652,YES,2,$16799,02/2013,2013,No
2817,373,Mastercard,Debit,2147483647,12/2020,242,YES,2,$8021,05/2001,2018,No
3429,1203,Mastercard,Debit (Prepaid),2147483647,03/2023,57,YES,2,$70,06/2009,2009,No
833,1113,Visa,Credit,2147483647,07/2024,416,NO,2,$4700,01/2020,2020,No
4787,17,Mastercard,Debit,2147483647,06/2022,367,YES,1,$7175,09/2010,2017,No
5050,1600,Mastercard,Debit,2147483647,05/2021,975,YES,2,$22446,10/2006,2012,No
5686,1247,Mastercard,Debit,2147483647,07/2023,407,YES,1,$18482,11/2013,2013,No
3203,1302,Mastercard,Debit,2147483647,02/2020,886,NO,1,$8993,05/2019,2019,No
2832,357,Visa,Credit,2147483647,04/2022,326,YES,2,$14500,05/2002,2007,No
662,1808,Mastercard,Credit,2147483647,11/2022,32,NO,2,$10200,01/2020,2020,No
2212,511,Mastercard,Debit,2147483647,06/2020,810,YES,1,$8367,03/2009,2009,No
232,723,Mastercard,Debit,2147483647,02/2023,310,YES,2,$13529,01/2010,2010,No
2980,1323,Visa,Debit,2147483647,05/2013,524,YES,1,$14074,05/2008,2009,No
2274,1362,Mastercard,Debit (Prepaid),2147483647,07/2023,98,YES,2,$44,03/2011,2016,No
4651,735,Visa,Credit,2147483647,04/2012,992,YES,2,$18600,09/2007,2008,No
1082,244,Mastercard,Credit,2147483647,02/2024,871,NO,2,$7100,02/2006,2011,No
5166,1738,Visa,Credit,2147483647,08/2020,207,YES,1,$15000,10/2009,2009,No
3096,161,Mastercard,Debit,2147483647,02/2024,889,YES,1,$13612,05/2011,2011,No
902,1249,Visa,Credit,2147483647,02/2020,7,YES,2,$8700,01/2020,2020,No
3462,880,Amex,Credit,2147483647,09/2013,657,YES,1,$9500,06/2010,2014,No
588,567,Mastercard,Debit,2147483647,12/2024,978,YES,1,$6497,01/2020,2020,No
4071,565,Visa,Debit,2147483647,09/2024,385,NO,1,$16080,07/2018,2018,No
5340,364,Mastercard,Debit,2147483647,07/2021,110,YES,1,$13699,10/2019,2019,No
5257,1654,Mastercard,Credit,2147483647,09/2020,698,YES,1,$11800,10/2012,2012,No
5075,421,Mastercard,Debit,2147483647,12/2022,307,NO,2,$7842,10/2007,2014,No
2982,369,Visa,Debit,2147483647,04/2013,826,YES,1,$18280,05/2008,2011,No
2582,1512,Visa,Credit,2147483647,11/2022,615,YES,1,$18500,04/2008,2012,No
1367,856,Mastercard,Credit,2147483647,03/2018,105,YES,2,$26800,02/2016,2016,No
5589,1507,Visa,Debit,2147483647,01/2021,841,YES,2,$29543,11/2009,2011,No
4142,1431,Visa,Credit,2147483647,03/2012,388,YES,2,$4900,08/2004,2010,No
926,1597,Visa,Credit,2147483647,07/2020,495,YES,2,$22900,01/2020,2020,No
640,960,Mastercard,Debit,2147483647,10/2023,577,YES,2,$24200,01/2020,2020,No
4431,1964,Mastercard,Credit,2147483647,01/2017,871,YES,2,$11600,08/2014,2014,No
246,1942,Visa,Debit (Prepaid),2147483647,06/2022,186,YES,2,$11,01/2010,2010,No
4313,1270,Visa,Debit,2147483647,09/2022,212,YES,2,$13653,08/2009,2016,No
1837,950,Visa,Credit,2147483647,04/2020,250,YES,1,$3000,02/2020,2020,No
5430,1919,Mastercard,Debit,2147483647,11/2019,577,YES,2,$34684,11/2005,2008,No
4039,1394,Visa,Credit,2147483647,06/2020,393,YES,2,$8500,07/2015,2015,No
872,239,Visa,Debit,2147483647,02/2020,6,YES,2,$20134,01/2020,2020,No
738,312,Mastercard,Debit,2147483647,06/2023,654,YES,1,$26107,01/2020,2020,No
4914,160,Mastercard,Debit (Prepaid),2147483647,03/2020,487,YES,1,$79,09/2017,2017,No
5383,27,Visa,Debit,2147483647,05/2022,534,YES,1,$15082,11/2002,2006,No
258,209,Visa,Credit,2147483647,05/2020,231,YES,2,$8700,01/2010,2010,No
547,1174,Mastercard,Debit,2147483647,08/2024,281,YES,2,$2066,01/2020,2020,No
2332,698,Visa,Debit,2147483647,12/2014,322,YES,1,$25214,03/2014,2014,No
964,1911,Visa,Debit,2147483647,09/2022,26,NO,2,$17789,02/1998,2019,No
3104,869,Visa,Debit (Prepaid),2147483647,09/2024,600,YES,2,$76,05/2011,2011,No
3350,790,Mastercard,Debit,2147483647,03/2012,803,YES,1,$23632,06/2007,2009,No
5961,1074,Mastercard,Debit,2147483647,12/2023,428,YES,2,$6847,12/2009,2009,No
4964,16,Mastercard,Debit,2147483647,12/2020,962,YES,2,$7562,10/2002,2011,No
1167,46,Mastercard,Debit (Prepaid),2147483647,02/2018,830,YES,2,$97,02/2009,2015,No
6025,1568,Visa,Credit,2147483647,07/2023,388,YES,1,$13000,12/2010,2012,No
4929,1432,Visa,Credit,2147483647,07/2023,543,YES,1,$19400,10/1996,2012,No
5616,1254,Mastercard,Debit,2147483647,11/2024,270,YES,1,$20294,11/2010,2010,No
5238,1045,Mastercard,Debit (Prepaid),2147483647,07/2021,529,YES,1,$95,10/2011,2011,No
4185,1668,Mastercard,Debit,2147483647,02/2021,29,YES,1,$33471,08/2006,2011,No
473,824,Mastercard,Debit,2147483647,07/2020,98,YES,1,$1940,01/2020,2020,No
321,1122,Visa,Debit,2147483647,01/2021,681,YES,1,$32071,01/2013,2013,No
945,958,Visa,Debit,2147483647,10/2024,884,YES,1,$12240,01/2020,2020,No
2941,13,Visa,Debit,2147483647,08/2020,283,YES,1,$10629,05/2007,2008,No
4946,1487,Visa,Credit,2147483647,06/2021,453,YES,2,$24200,10/2000,2013,No
19,115,Mastercard,Debit,2147483647,01/2023,310,YES,2,$46184,01/2001,2014,No
3331,296,Visa,Debit (Prepaid),2147483647,08/2023,204,NO,2,$87,06/2006,2006,No
1651,508,Mastercard,Debit,2147483647,03/2023,63,YES,1,$20773,02/2020,2020,No
376,20,Visa,Credit,2147483647,02/2022,213,YES,1,$13000,01/2018,2018,No
4757,1766,Amex,Credit,2147483647,08/2020,954,YES,1,$8200,09/2010,2012,No
4927,115,Visa,Credit,2147483647,10/2024,839,YES,1,$13200,09/2019,2019,No
2647,1736,Mastercard,Credit,2147483647,12/2022,32,YES,1,$9100,04/2010,2019,No
5441,538,Visa,Credit,2147483647,06/2020,520,YES,2,$7000,11/2005,2018,No
4639,0,Mastercard,Credit,2147483647,12/2019,312,YES,1,$17600,09/2007,2014,No
3479,1563,Mastercard,Credit,2147483647,11/2022,138,YES,1,$2900,06/2010,2010,No
3112,826,Amex,Credit,2147483647,03/2017,382,YES,1,$19400,05/2012,2012,No
1009,1063,Amex,Credit,2147483647,11/2003,14,YES,1,$9800,02/2003,2013,No
2726,1432,Mastercard,Debit,2147483647,07/2022,246,YES,2,$25740,04/2014,2014,No
1735,1819,Mastercard,Debit,2147483647,10/2022,702,YES,2,$15474,02/2020,2020,No
2419,1859,Mastercard,Debit (Prepaid),2147483647,05/2020,982,YES,1,$65,04/2001,2014,No
4310,1825,Visa,Debit,2147483647,10/2020,194,YES,1,$23878,08/2009,2011,No
2915,1654,Visa,Credit,2147483647,10/2023,921,YES,1,$14900,05/2006,2014,No
4864,659,Visa,Debit,2147483647,11/2019,482,YES,2,$17649,09/2013,2013,No
3514,1564,Mastercard,Debit,2147483647,07/2024,813,YES,1,$15820,06/2011,2011,No
2528,1560,Mastercard,Credit,2147483647,11/2020,545,YES,2,$12800,04/2007,2010,No
5660,1797,Visa,Debit,2147483647,10/2022,645,YES,2,$16008,11/2011,2011,No
4613,989,Mastercard,Debit,2147483647,06/2020,645,NO,1,$19843,09/2006,2015,No
2119,1895,Mastercard,Debit,2147483647,01/2022,292,YES,2,$2042,03/2006,2013,No
4753,614,Visa,Credit,2147483647,05/2021,328,YES,1,$12700,09/2009,2015,No
225,1078,Mastercard,Debit,2147483647,10/2023,862,YES,2,$18092,01/2010,2015,No
5154,908,Mastercard,Debit,2147483647,01/2024,748,YES,1,$13123,10/2009,2014,No
2190,1756,Mastercard,Credit,2147483647,01/2024,847,YES,1,$19100,03/2008,2009,No
3819,1485,Visa,Debit,2147483647,11/2020,362,YES,2,$26460,07/2007,2017,No
2679,132,Mastercard,Debit,2147483647,01/2022,625,YES,2,$15022,04/2011,2011,No
903,1632,Visa,Debit,2147483647,01/2020,884,YES,1,$15914,01/2020,2020,No
496,875,Mastercard,Debit,2147483647,08/2022,408,YES,1,$20801,01/2020,2020,No
2200,1014,Visa,Credit,2147483647,07/2015,45,YES,1,$43900,03/2008,2013,No
5494,1064,Mastercard,Debit (Prepaid),2147483647,10/2008,655,YES,2,$58,11/2007,2015,No
179,677,Visa,Credit,2147483647,06/2020,215,YES,2,$23100,01/2008,2010,No
1871,1620,Visa,Credit,2147483647,12/2024,448,YES,2,$10600,02/2020,2020,No
2104,200,Discover,Credit,2147483647,04/2007,936,YES,2,$14600,03/2006,2014,No
4437,1699,Visa,Debit,2147483647,10/2020,412,YES,1,$31896,08/2014,2014,No
899,1423,Visa,Credit,2147483647,01/2024,450,YES,2,$3400,01/2020,2020,No
3403,1210,Visa,Debit,2147483647,12/2020,347,YES,1,$26982,06/2008,2008,No
4941,1495,Visa,Debit (Prepaid),2147483647,08/2022,222,YES,2,$22,10/1999,2016,No
5611,364,Mastercard,Credit,2147483647,11/2010,89,YES,1,$1800,11/2010,2010,No
2629,1176,Amex,Credit,2147483647,09/2010,909,YES,1,$21700,04/2010,2010,No
4909,1317,Mastercard,Debit,2147483647,12/2017,287,YES,1,$12793,09/2017,2017,No
4004,1130,Visa,Credit,2147483647,07/2022,704,YES,2,$11400,07/2012,2012,No
1178,5,Mastercard,Debit,2147483647,01/2022,42,YES,2,$18894,02/2009,2015,No
2260,207,Visa,Debit,2147483647,02/2021,426,YES,2,$5141,03/2010,2010,No
5162,795,Mastercard,Debit,2147483647,12/2023,983,YES,1,$27795,10/2009,2014,No
66,1430,Discover,Credit,2147483647,03/2020,792,YES,1,$12200,01/2005,2013,No
1980,687,Visa,Debit,2147483647,02/2020,79,YES,2,$19446,02/2020,2020,No
471,340,Mastercard,Debit (Prepaid),2147483647,08/2020,626,YES,1,$65,01/2020,2020,No
645,717,Mastercard,Debit,2147483647,02/2020,466,YES,2,$22043,01/2020,2020,No
4289,1782,Mastercard,Debit,2147483647,07/2024,811,YES,1,$15695,08/2009,2010,No
1181,1921,Mastercard,Debit (Prepaid),2147483647,04/2020,283,YES,2,$89,02/2009,2009,No
3230,1940,Visa,Debit,2147483647,02/2021,257,NO,2,$311,06/2001,2011,No
3135,921,Mastercard,Debit,2147483647,03/2024,112,YES,1,$41714,05/2013,2013,No
5780,1244,Mastercard,Debit,2147483647,02/2024,332,YES,1,$14270,12/2002,2014,No
5907,1448,Visa,Credit,2147483647,07/2024,768,YES,2,$4600,12/2007,2011,No
4104,1077,Visa,Debit (Prepaid),2147483647,05/2020,704,YES,2,$33,08/2001,2009,No
4539,1074,Visa,Debit,2147483647,09/2024,793,NO,2,$15029,09/2003,2007,No
2996,1981,Mastercard,Debit,2147483647,08/2022,332,YES,2,$20962,05/2009,2009,No
5058,1484,Visa,Debit,2147483647,06/2023,619,YES,2,$14217,10/2006,2012,No
4034,474,Discover,Credit,2147483647,09/2022,583,YES,2,$14600,07/2015,2015,No
432,225,Discover,Credit,2147483647,09/2023,953,YES,2,$16600,01/2020,2020,No
918,805,Visa,Debit,2147483647,01/2020,433,YES,1,$17535,01/2020,2020,No
347,784,Mastercard,Debit (Prepaid),2147483647,11/2022,136,YES,2,$64,01/2015,2015,No
2728,1020,Mastercard,Debit,2147483647,02/2020,231,YES,1,$26317,04/2014,2014,No
3770,1031,Mastercard,Credit,2147483647,04/2024,94,YES,1,$15700,07/2006,2010,No
4918,1727,Visa,Debit,2147483647,03/2021,862,YES,2,$27066,09/2018,2018,No
5658,659,Visa,Debit,2147483647,02/2021,363,YES,1,$10538,11/2011,2011,No
2075,1972,Amex,Credit,2147483647,08/2012,412,NO,2,$6000,03/2005,2013,No
123,280,Amex,Credit,2147483647,05/2007,921,YES,1,$13600,01/2007,2009,No
4581,60,Mastercard,Debit,2147483647,04/2017,23,YES,1,$10233,09/2005,2017,No
3478,550,Mastercard,Debit (Prepaid),2147483647,01/2021,63,YES,2,$99,06/2010,2011,No
4353,1170,Visa,Debit,2147483647,11/2021,873,YES,2,$19442,08/2010,2010,No
1400,1304,Amex,Credit,2147483647,02/2020,876,YES,2,$27000,02/2020,2020,No
2006,1259,Visa,Debit,2147483647,07/2022,40,YES,1,$78790,03/1997,2011,No
3512,612,Discover,Credit,2147483647,03/2021,613,YES,2,$9300,06/2011,2011,No
4136,720,Mastercard,Debit,2147483647,08/2021,647,YES,1,$974,08/2004,2008,No
2766,649,Visa,Debit,2147483647,07/2020,376,YES,1,$14558,04/2016,2016,No
5615,1357,Mastercard,Debit,2147483647,02/2021,748,YES,2,$2833,11/2010,2013,No
1018,1699,Mastercard,Credit,2147483647,06/2006,758,YES,1,$24600,02/2003,2013,No
3062,327,Mastercard,Debit,2147483647,07/2020,750,YES,2,$9165,05/2010,2010,No
3652,665,Mastercard,Debit,2147483647,10/2024,260,YES,1,$8747,07/1998,2007,No
2034,122,Mastercard,Debit,2147483647,10/2021,407,YES,3,$15774,03/2002,2007,No
3992,1636,Amex,Credit,2147483647,04/2023,544,YES,1,$4600,07/2012,2012,No
3929,1371,Mastercard,Debit,2147483647,09/2023,178,NO,1,$25224,07/2010,2011,No
5514,141,Visa,Credit,2147483647,02/2022,745,YES,1,$9200,11/2007,2014,No
5116,1428,Mastercard,Debit (Prepaid),2147483647,12/2022,25,YES,1,$47,10/2008,2016,No
4007,409,Mastercard,Debit,2147483647,01/2024,897,YES,2,$9281,07/2013,2013,No
2124,106,Mastercard,Credit,2147483647,06/2022,790,YES,2,$9100,03/2006,2011,No
344,1775,Mastercard,Debit,2147483647,02/2020,924,YES,2,$17201,01/2015,2015,No
2724,580,Mastercard,Debit,2147483647,03/2021,952,YES,1,$14471,04/2014,2014,No
401,1040,Amex,Credit,2147483647,07/2020,141,YES,2,$16400,01/2020,2020,No
1925,596,Visa,Credit,2147483647,01/2022,108,NO,1,$7200,02/2020,2020,No
457,1943,Mastercard,Debit (Prepaid),2147483647,01/2021,310,YES,1,$81,01/2020,2020,No
1452,497,Discover,Credit,2147483647,02/2020,577,YES,2,$13900,02/2020,2020,No
811,716,Visa,Credit,2147483647,01/2023,900,YES,1,$7000,01/2020,2020,No
86,284,Visa,Debit,2147483647,07/2023,124,YES,2,$18270,01/2005,2011,No
2655,1372,Visa,Debit,2147483647,08/2020,742,YES,2,$2330,04/2010,2011,No
4514,827,Mastercard,Debit,2147483647,10/2012,975,YES,2,$8133,09/2001,2012,No
4813,546,Mastercard,Debit,2147483647,08/2016,838,YES,2,$2559,09/2011,2011,No
3453,371,Visa,Debit,2147483647,02/2022,790,YES,2,$27382,06/2009,2014,No
4896,844,Mastercard,Credit,2147483647,12/2024,683,NO,2,$8900,09/2016,2016,No
3677,1464,Mastercard,Debit,2147483647,06/2020,131,YES,2,$24129,07/2002,2018,No
698,289,Mastercard,Debit,2147483647,01/2020,713,YES,1,$7640,01/2020,2020,No
6056,1207,Visa,Debit,2147483647,08/2021,507,YES,1,$17010,12/2011,2011,No
2632,1852,Mastercard,Credit,2147483647,04/2021,37,YES,2,$21600,04/2010,2010,No
5424,822,Mastercard,Debit,2147483647,07/2024,951,YES,1,$29351,11/2005,2007,No
4001,1672,Mastercard,Debit (Prepaid),2147483647,01/2024,653,NO,1,$65,07/2012,2012,No
1849,788,Visa,Debit,2147483647,06/2021,353,YES,2,$27220,02/2020,2020,No
1104,1413,Discover,Credit,2147483647,10/2020,816,YES,1,$6500,02/2007,2014,No
1611,1656,Mastercard,Debit,2147483647,03/2024,914,YES,1,$16415,02/2020,2020,No
6124,919,Mastercard,Credit,2147483647,04/2021,470,YES,2,$17100,12/2016,2016,No
2512,227,Visa,Debit,2147483647,04/2020,286,YES,2,$52609,04/2006,2010,No
5722,1928,Mastercard,Credit,2147483647,02/2021,850,NO,1,$14800,11/2016,2016,No
5649,358,Mastercard,Debit,2147483647,05/2022,379,YES,2,$6863,11/2011,2011,No
5767,1495,Visa,Debit,2147483647,07/2020,502,YES,1,$25497,12/2000,2012,No
668,337,Mastercard,Debit (Prepaid),2147483647,01/2024,40,YES,2,$86,01/2020,2020,No
3653,177,Mastercard,Debit,2147483647,04/2020,255,YES,2,$25392,07/1998,2014,No
3665,1296,Mastercard,Debit,2147483647,06/2021,526,YES,2,$4317,07/2001,2011,No
1863,955,Visa,Credit,2147483647,06/2022,847,YES,2,$1100,02/2020,2020,No
4989,163,Mastercard,Debit,2147483647,09/2023,728,YES,1,$12873,10/2003,2008,No
510,736,Mastercard,Debit (Prepaid),2147483647,09/2024,397,YES,2,$100,01/2020,2020,No
5823,1049,Visa,Debit,2147483647,12/2023,234,YES,2,$13122,12/2004,2009,No
3519,899,Mastercard,Debit,2147483647,02/2016,369,NO,1,$22172,06/2011,2016,No
1886,653,Visa,Credit,2147483647,06/2021,560,YES,2,$12900,02/2020,2020,No
5233,582,Mastercard,Debit,2147483647,01/2016,949,YES,1,$19536,10/2011,2014,No
70,1993,Mastercard,Credit,2147483647,09/2012,789,YES,2,$19500,01/2005,2010,No
5673,364,Mastercard,Debit,2147483647,10/2023,723,YES,1,$15612,11/2012,2012,No
4767,454,Mastercard,Debit,2147483647,10/2010,394,YES,1,$19970,09/2010,2010,No
1544,1751,Mastercard,Credit,2147483647,02/2021,743,YES,2,$4600,02/2020,2020,No
190,1995,Amex,Credit,2147483647,08/2023,737,NO,2,$9700,01/2009,2009,No
1510,421,Mastercard,Debit,2147483647,06/2023,453,YES,1,$23875,02/2020,2020,No
1383,1717,Visa,Debit,2147483647,08/2022,593,YES,2,$22765,02/2018,2018,No
5337,1724,Mastercard,Debit,2147483647,09/2024,794,YES,1,$12551,10/2019,2019,No
1294,48,Visa,Debit,2147483647,12/2022,568,YES,2,$15018,02/2011,2011,No
2901,221,Mastercard,Debit,2147483647,12/2021,939,YES,2,$2209,05/2006,2013,No
1956,1025,Visa,Debit,2147483647,02/2022,368,YES,2,$11237,02/2020,2020,No
2622,61,Visa,Debit,2147483647,03/2021,177,YES,2,$27878,04/2009,2011,No
2131,1517,Visa,Debit (Prepaid),2147483647,03/2022,193,YES,2,$18,03/2006,2013,No
1659,596,Mastercard,Credit,2147483647,06/2023,951,YES,2,$10700,02/2020,2020,No
5203,907,Mastercard,Credit,2147483647,06/2019,353,NO,1,$8800,10/2010,2010,No
3759,1957,Mastercard,Debit (Prepaid),2147483647,10/2006,699,YES,1,$26,07/2006,2019,No
3018,1393,Visa,Debit,2147483647,05/2021,930,YES,2,$8845,05/2009,2010,No
5047,1891,Discover,Credit,2147483647,03/2023,515,YES,2,$13100,10/2006,2006,No
2417,27,Mastercard,Credit,2147483647,06/2023,835,YES,2,$9900,04/2001,2007,No
5708,1876,Mastercard,Debit,2147483647,08/2022,295,YES,1,$29037,11/2015,2015,No
1209,461,Mastercard,Debit,2147483647,07/2024,170,YES,1,$23344,02/2010,2010,No
2478,1266,Mastercard,Debit,2147483647,10/2024,603,YES,2,$15119,04/2005,2011,No
3972,1302,Mastercard,Debit (Prepaid),2147483647,10/2022,616,YES,2,$13,07/2011,2014,No
5400,576,Amex,Credit,2147483647,04/2023,589,YES,2,$8100,11/2004,2011,No
2666,164,Visa,Credit,2147483647,03/2022,11,YES,1,$5100,04/2010,2011,No
28,1852,Visa,Debit,2147483647,10/2023,543,YES,2,$36425,01/2002,2004,No
3642,1181,Mastercard,Credit,2147483647,01/2021,811,YES,2,$0,06/2019,2019,No
2258,702,Visa,Credit,2147483647,04/2021,58,YES,1,$20100,03/2010,2017,No
4463,368,Mastercard,Credit,2147483647,06/2020,567,YES,2,$13000,08/2017,2017,No
1535,1473,Mastercard,Debit,2147483647,06/2022,678,NO,2,$13466,02/2020,2020,No
3329,1520,Visa,Debit,2147483647,01/2018,48,YES,2,$24544,06/2006,2013,No
1655,608,Mastercard,Debit (Prepaid),2147483647,02/2020,816,YES,1,$61,02/2020,2020,No
2524,818,Amex,Credit,2147483647,08/2008,125,YES,1,$6200,04/2007,2014,No
2875,200,Amex,Credit,2147483647,04/2023,59,YES,2,$1400,05/2005,2009,No
1649,1933,Mastercard,Debit (Prepaid),2147483647,12/2021,114,YES,1,$91,02/2020,2020,No
2764,569,Visa,Credit,2147483647,08/2022,761,YES,2,$5900,04/2016,2016,No
1190,906,Visa,Credit,2147483647,09/2024,817,YES,2,$10400,02/2009,2010,No
1660,1715,Mastercard,Debit,2147483647,11/2021,320,NO,1,$6824,02/2020,2020,No
4485,1433,Visa,Credit,2147483647,07/2021,890,YES,2,$4200,08/2019,2019,No
2746,1697,Mastercard,Debit (Prepaid),2147483647,09/2020,930,YES,1,$63,04/2015,2015,No
1324,58,Mastercard,Debit,2147483647,05/2022,840,YES,2,$23838,02/2013,2013,No
5436,1014,Visa,Debit (Prepaid),2147483647,10/2020,440,YES,2,$76,11/2005,2007,No
523,829,Mastercard,Debit,2147483647,10/2023,139,YES,3,$11018,01/2020,2020,No
1812,1353,Visa,Debit,2147483647,12/2024,840,YES,1,$13635,02/2020,2020,No
5773,876,Mastercard,Debit,2147483647,09/2020,24,NO,2,$9146,12/2001,2012,No
5819,1872,Mastercard,Debit,2147483647,07/2011,308,YES,1,$26328,12/2004,2005,No
975,663,Mastercard,Debit,2147483647,05/2021,732,NO,2,$2046,02/2000,2008,No
2707,132,Visa,Credit,2147483647,01/2021,231,YES,2,$0,04/2012,2012,No
171,7,Mastercard,Debit,2147483647,04/2023,44,NO,2,$21274,01/2008,2009,No
2550,1867,Visa,Debit (Prepaid),2147483647,04/2015,23,YES,2,$96,04/2007,2015,No
4882,803,Mastercard,Debit,2147483647,01/2021,670,YES,1,$20552,09/2015,2015,No
1754,1545,Mastercard,Debit,2147483647,02/2020,674,YES,1,$19294,02/2020,2020,No
417,8,Amex,Credit,2147483647,07/2022,960,YES,1,$12900,01/2020,2020,No
3933,1513,Mastercard,Debit,2147483647,10/2021,416,YES,1,$36344,07/2010,2010,No
2360,1435,Visa,Debit,2147483647,10/2020,216,YES,2,$38837,03/2016,2016,No
1152,177,Mastercard,Debit,2147483647,06/2022,102,YES,2,$4880,02/2008,2010,No
3613,851,Visa,Credit,2147483647,01/2020,438,YES,2,$8100,06/2016,2016,No
666,344,Mastercard,Debit,2147483647,01/2021,442,YES,1,$23750,01/2020,2020,No
416,614,Amex,Credit,2147483647,02/2020,498,YES,1,$13700,01/2020,2020,No
2032,951,Mastercard,Debit (Prepaid),2147483647,08/2017,310,YES,1,$80,03/2002,2008,No
3695,96,Mastercard,Debit,2147483647,04/2023,952,YES,2,$19959,07/2003,2013,No
4845,1528,Visa,Credit,2147483647,04/2024,305,YES,2,$7800,09/2012,2012,No
1993,1999,Visa,Credit,2147483647,11/2022,710,YES,2,$7100,02/2020,2020,No
3043,746,Mastercard,Debit (Prepaid),2147483647,07/2011,597,YES,1,$93,05/2010,2010,No
3799,613,Amex,Credit,2147483647,07/2024,697,YES,1,$12600,07/2007,2011,No
1413,1374,Amex,Credit,2147483647,04/2024,330,NO,2,$8300,02/2020,2020,No
3709,350,Mastercard,Debit,2147483647,10/2020,366,YES,1,$27491,07/2004,2014,No
5749,1702,Visa,Debit (Prepaid),2147483647,05/2023,873,YES,1,$94,12/1994,2011,No
4774,1221,Mastercard,Credit,2147483647,05/2021,874,YES,1,$8500,09/2010,2011,No
5958,824,Mastercard,Debit,2147483647,07/2018,616,YES,1,$10838,12/2009,2010,No
1546,1619,Mastercard,Credit,2147483647,12/2021,185,YES,3,$8000,02/2020,2020,No
1943,1252,Visa,Debit (Prepaid),2147483647,08/2020,276,YES,2,$29,02/2020,2020,No
5983,1661,Visa,Credit,2147483647,09/2020,644,YES,1,$25600,12/2009,2009,No
5530,1451,Mastercard,Credit,2147483647,03/2015,625,NO,2,$6500,11/2008,2011,No
2090,1461,Mastercard,Debit,2147483647,10/2024,532,YES,2,$14480,03/2005,2009,No
1612,568,Mastercard,Debit,2147483647,02/2020,412,YES,2,$1926,02/2020,2020,No
1136,1909,Amex,Credit,2147483647,01/2015,199,YES,1,$6100,02/2008,2019,No
1250,676,Visa,Credit,2147483647,06/2023,777,YES,2,$9300,02/2010,2010,No
5269,1390,Mastercard,Debit,2147483647,03/2020,810,NO,1,$46201,10/2013,2013,No
4464,672,Mastercard,Debit,2147483647,10/2021,452,NO,1,$8540,08/2017,2017,No
1739,517,Mastercard,Debit,2147483647,09/2021,53,YES,2,$8002,02/2020,2020,No
3216,1285,Mastercard,Debit,2147483647,12/2023,609,YES,2,$20933,06/2000,2014,No
4029,248,Visa,Debit,2147483647,08/2021,914,YES,1,$9741,07/2014,2014,No
5218,1526,Visa,Debit,2147483647,11/2012,226,NO,1,$3728,10/2010,2010,No
3947,757,Visa,Debit,2147483647,03/2024,787,YES,2,$7616,07/2010,2010,No
1955,1556,Visa,Credit,2147483647,03/2021,413,YES,2,$15300,02/2020,2020,No
724,1329,Mastercard,Debit (Prepaid),2147483647,04/2020,851,YES,1,$69,01/2020,2020,No
890,700,Visa,Debit (Prepaid),2147483647,10/2020,374,YES,2,$33,01/2020,2020,No
5942,229,Visa,Credit,2147483647,06/2023,871,NO,1,$16700,12/2008,2009,No
4276,1654,Visa,Credit,2147483647,05/2022,951,YES,2,$16000,08/2008,2009,No
274,1695,Mastercard,Debit,2147483647,01/2016,702,YES,2,$20838,01/2011,2011,No
1220,416,Mastercard,Debit,2147483647,11/2022,531,YES,2,$14066,02/2010,2012,No
3853,1525,Mastercard,Debit (Prepaid),2147483647,10/2019,88,YES,2,$50,07/2008,2008,No
4975,1956,Visa,Credit,2147483647,09/2006,135,YES,1,$11500,10/2002,2009,No
174,217,Visa,Debit,2147483647,12/2020,578,YES,2,$22746,01/2008,2010,No
1410,1136,Amex,Credit,2147483647,07/2020,122,YES,1,$19000,02/2020,2020,No
2692,477,Mastercard,Credit,2147483647,02/2024,39,NO,2,$14400,04/2012,2012,No
3076,1799,Visa,Debit,2147483647,07/2022,447,NO,2,$28127,05/2010,2010,No
5315,772,Mastercard,Debit,2147483647,09/2021,162,YES,1,$38814,10/2016,2016,No
4066,1297,Mastercard,Debit,2147483647,07/2022,392,YES,2,$20660,07/2018,2018,No
191,1091,Amex,Credit,2147483647,03/2024,172,NO,2,$17800,01/2009,2009,No
3842,428,Mastercard,Credit,2147483647,09/2013,276,YES,1,$14300,07/2008,2008,No
4177,458,Mastercard,Debit (Prepaid),2147483647,12/2020,132,YES,1,$63,08/2006,2014,No
1153,1668,Mastercard,Debit (Prepaid),2147483647,07/2022,404,YES,2,$20,02/2008,2017,No
2079,811,Mastercard,Debit,2147483647,06/2021,638,YES,2,$30971,03/2005,2020,No
1374,1841,Mastercard,Debit,2147483647,04/2019,424,YES,2,$17386,02/2017,2017,No
4009,1031,Mastercard,Credit,2147483647,10/2015,194,YES,2,$5600,07/2013,2013,No
871,539,Visa,Debit,2147483647,02/2020,721,YES,1,$4087,01/2020,2020,No
131,1195,Mastercard,Debit,2147483647,10/2022,822,YES,1,$10369,01/2007,2011,No
3348,619,Mastercard,Debit,2147483647,06/2021,20,YES,2,$33319,06/2007,2010,No
263,986,Visa,Debit,2147483647,08/2012,302,YES,2,$27317,01/2010,2010,No
4808,1765,Mastercard,Credit,2147483647,10/2023,242,NO,1,$7500,09/2011,2011,No
3978,1811,Mastercard,Debit,2147483647,05/2022,403,YES,1,$62519,07/2011,2011,No
3450,1651,Visa,Credit,2147483647,06/2022,289,YES,2,$25400,06/2009,2012,No
5132,1791,Visa,Debit,2147483647,09/2020,51,YES,1,$21751,10/2008,2008,No
2423,1898,Visa,Debit,2147483647,09/2024,732,NO,1,$36412,04/2001,2007,No
678,1835,Mastercard,Debit,2147483647,01/2020,969,YES,2,$12191,01/2020,2020,No
4821,222,Visa,Debit,2147483647,10/2014,224,YES,1,$46521,09/2011,2012,No
6045,1330,Mastercard,Debit,2147483647,02/2021,537,NO,1,$21820,12/2011,2011,No
5357,665,Mastercard,Debit,2147483647,03/2022,670,YES,2,$11994,11/1999,2011,No
3391,726,Mastercard,Debit,2147483647,12/2022,723,YES,1,$12868,06/2008,2011,No
4272,1896,Visa,Debit,2147483647,12/2015,104,YES,2,$9073,08/2008,2012,No
309,274,Amex,Credit,2147483647,10/2023,964,YES,2,$16500,01/2013,2013,No
1240,247,Visa,Debit,2147483647,07/2013,54,YES,2,$24968,02/2010,2010,No
567,1984,Mastercard,Debit,2147483647,12/2021,118,YES,1,$674,01/2020,2020,No
1487,1990,Mastercard,Debit,2147483647,02/2020,24,YES,1,$16923,02/2020,2020,No
5079,1100,Mastercard,Debit,2147483647,10/2024,108,YES,1,$30044,10/2007,2011,No
5069,489,Visa,Debit,2147483647,11/2023,564,YES,2,$11347,10/2006,2009,No
2226,368,Mastercard,Credit,2147483647,11/2024,993,YES,1,$12100,03/2009,2010,No
148,737,Visa,Debit,2147483647,06/2020,700,NO,1,$6789,01/2007,2009,No
3604,883,Amex,Credit,2147483647,02/2020,191,YES,1,$12500,06/2016,2016,No
4265,1049,Mastercard,Debit,2147483647,03/2022,66,YES,2,$12121,08/2008,2010,No
5108,65,Mastercard,Debit,2147483647,11/2020,476,YES,2,$5066,10/2008,2016,No
3327,1937,Mastercard,Debit,2147483647,08/2024,385,YES,2,$12212,06/2006,2006,No
5126,235,Mastercard,Debit,2147483647,06/2015,131,YES,1,$29648,10/2008,2011,No
1256,1385,Visa,Debit,2147483647,12/2022,259,YES,2,$36940,02/2010,2010,No
6126,1780,Visa,Credit,2147483647,02/2024,986,YES,2,$700,12/2016,2016,No
4381,1764,Visa,Debit,2147483647,07/2024,704,YES,2,$23538,08/2011,2011,No
79,1116,Visa,Credit,2147483647,02/2021,497,YES,1,$16100,01/2005,2014,No
4273,194,Visa,Credit,2147483647,09/2024,831,YES,1,$8300,08/2008,2008,No
5903,100,Mastercard,Debit,2147483647,10/2022,799,YES,2,$21205,12/2007,2011,No
3157,1993,Visa,Debit,2147483647,06/2015,298,YES,1,$54768,05/2014,2014,No
4606,1210,Mastercard,Debit,2147483647,07/2023,318,YES,1,$10589,09/2006,2015,No
1990,1375,Visa,Credit,2147483647,03/2022,97,YES,1,$19800,02/2020,2020,No
775,613,Visa,Debit,2147483647,07/2022,790,YES,2,$33302,01/2020,2020,No
4254,1615,Mastercard,Debit,2147483647,09/2022,703,YES,1,$14898,08/2008,2008,No
4298,1485,Visa,Debit (Prepaid),2147483647,06/2021,782,YES,1,$67,08/2009,2011,No
1079,882,Mastercard,Debit,2147483647,08/2023,258,YES,2,$17453,02/2006,2008,No
5585,148,Visa,Debit,2147483647,01/2020,358,YES,1,$10077,11/2009,2009,No
428,407,Discover,Credit,2147483647,02/2020,65,YES,1,$14300,01/2020,2020,No
3196,1480,Mastercard,Credit,2147483647,01/2018,686,YES,2,$7100,05/2017,2017,No
2,556,Mastercard,Debit,2147483647,09/2021,422,YES,1,$19948,01/1995,2011,No
1584,1740,Mastercard,Debit,2147483647,11/2021,288,YES,2,$22424,02/2020,2020,No
5525,1644,Mastercard,Debit,2147483647,04/2021,192,YES,2,$9324,11/2008,2009,No
4402,977,Amex,Credit,2147483647,07/2015,164,YES,2,$4000,08/2013,2013,No
