id,date,client_id,card_id,amount,use_chip,merchant_id,merchant_city,merchant_state,zip,mcc,errors
11978328,2012-11-23 16:03:00,619,3348,$263.43,Swipe Transaction,54850,Austin,MN,55912.0,4814,
11363233,2012-07-07 13:57:00,456,4576,$38.26,Swipe Transaction,68135,Cape Coral,FL,33909.0,5411,
8117710,2010-06-10 16:59:00,209,4676,$52.57,Swipe Transaction,81833,El Paso,TX,79928.0,5912,
12606562,2013-04-13 12:08:00,1605,1133,$40.00,Swipe Transaction,27092,Amelia,OH,45102.0,4829,
12628171,2013-04-18 10:00:00,144,5247,$4.58,Swipe Transaction,44578,Arkadelphia,AR,71923.0,5812,
12066623,2012-12-13 15:40:00,1736,2687,$67.00,Swipe Transaction,59935,Brooklyn,NY,11211.0,5499,
20556837,2017-12-21 18:44:00,285,2927,$20.00,Swipe Transaction,27092,San Jose,CA,95111.0,4829,
16817235,2015-10-17 08:58:00,1078,5488,$66.00,Swipe Transaction,59935,Maroa,IL,61756.0,5499,
20509797,2017-12-11 21:33:00,0,4639,$-268.00,Chip Transaction,7777,Somers,CT,6071.0,3684,
17382705,2016-02-14 22:16:00,1797,5660,$38.04,Online Transaction,15143,ONLINE,,,4784,
19866618,2017-07-28 13:24:00,329,4788,$1.30,Chip Transaction,14528,Oak View,CA,93022.0,5499,
8950940,2010-12-28 09:31:00,1063,3498,$2.36,Swipe Transaction,96049,Rochelle,IL,61068.0,5541,
23356240,2019-08-06 19:02:00,1988,6063,$692.57,Chip Transaction,45524,Miami,FL,33156.0,6300,
18690675,2016-11-21 10:17:00,814,4536,$62.70,Chip Transaction,42928,Palm Bay,FL,32905.0,5912,
12237548,2013-01-21 07:07:00,1097,4323,$4.38,Swipe Transaction,5270,Ludington,MI,49431.0,5411,
23408777,2019-08-17 21:45:00,979,6125,$63.24,Chip Transaction,82981,Pomona,CA,91768.0,5912,
19962177,2017-08-17 19:40:00,1121,5817,$45.80,Chip Transaction,73370,Florence,SC,29501.0,7349,
14455719,2014-05-24 21:14:00,291,169,$-74.00,Swipe Transaction,43293,Dalton,GA,30720.0,5499,
22745540,2019-03-30 15:18:00,141,2952,$50.03,Chip Transaction,61001,Franklin,TX,77856.0,7230,
21088227,2018-04-13 14:07:00,983,3988,$39.96,Chip Transaction,61738,Apollo,PA,15613.0,5094,
15069143,2014-10-05 14:26:00,782,3051,$87.00,Swipe Transaction,22204,Defiance,OH,43512.0,5541,
22356047,2019-01-07 08:13:00,870,3257,$94.84,Swipe Transaction,28395,Accokeek,MD,20607.0,5541,
20706065,2018-01-22 11:34:00,856,1367,$-52.00,Chip Transaction,61195,Bethesda,MD,20814.0,5541,
18990753,2017-01-24 09:18:00,1449,1188,$80.00,Chip Transaction,59935,Warner Robins,GA,31093.0,5499,
18376232,2016-09-15 07:25:00,199,2306,$61.70,Chip Transaction,19071,Allen,TX,75002.0,7538,
23371233,2019-08-10 00:27:00,1697,4306,$0.48,Swipe Transaction,14318,Clinton,MI,49236.0,5411,
7632986,2010-02-10 07:11:00,1962,3798,$20.59,Swipe Transaction,31619,Willowbrook,IL,60527.0,5411,
7706192,2010-02-28 13:39:00,1846,3297,$-72.00,Swipe Transaction,50867,West Plains,MO,65775.0,5541,
10122401,2011-09-27 15:48:00,1752,3880,$55.00,Swipe Transaction,22204,Abbeville,LA,70510.0,5541,
12999432,2013-07-09 06:28:00,847,4531,$120.00,Swipe Transaction,27092,Billings,OK,74630.0,4829,
21077142,2018-04-11 10:22:00,1391,4107,$39.90,Online Transaction,39021,ONLINE,,,4784,
22299201,2018-12-26 08:22:00,177,2681,$1.86,Chip Transaction,34702,Memphis,TN,38107.0,5310,
19060173,2017-02-08 04:29:00,1432,4929,$264.23,Swipe Transaction,57133,Waianae,HI,96792.0,3730,
7739719,2010-03-08 22:08:00,205,2861,$65.93,Online Transaction,73186,ONLINE,,,4814,
15306363,2014-11-26 10:07:00,1217,5030,$107.70,Swipe Transaction,86722,Ogden,UT,84408.0,4111,
16104326,2015-05-17 16:47:00,1050,3472,$26.64,Chip Transaction,32175,Rocky Mount,NC,27803.0,7538,
8557645,2010-09-25 09:41:00,831,4156,$32.45,Online Transaction,50292,ONLINE,,,7801,
12941842,2013-06-26 15:38:00,951,2628,$57.68,Swipe Transaction,30286,Compton,CA,90222.0,4814,
12385915,2013-02-23 12:06:00,674,5574,$10.26,Swipe Transaction,61195,San Diego,CA,92105.0,5541,
20976334,2018-03-21 02:04:00,1118,1382,$45.01,Swipe Transaction,58007,Atlanta,GA,30358.0,5813,
17993663,2016-06-25 15:05:00,1910,3288,$26.22,Online Transaction,50404,ONLINE,,,4784,
11694007,2012-09-20 11:54:00,1127,3869,$128.22,Swipe Transaction,71548,Naples,FL,34104.0,4900,
13772058,2013-12-26 06:42:00,1242,4162,$7.77,Swipe Transaction,22204,Chicago,IL,60620.0,5541,
12856928,2013-06-07 22:26:00,184,3936,$103.97,Swipe Transaction,10905,Edgerton,WI,53534.0,5300,
12978571,2013-07-04 15:17:00,1266,2478,$70.05,Swipe Transaction,59935,Aberdeen,MD,21001.0,5499,
23153668,2019-06-25 08:38:00,1752,3880,$5.64,Chip Transaction,32033,Abbeville,LA,70510.0,5411,
17468133,2016-03-05 09:07:00,470,3733,$94.00,Swipe Transaction,22204,Arkoma,OK,74901.0,5541,
13184901,2013-08-18 21:37:00,1248,5787,$101.80,Swipe Transaction,1426,Janesville,WI,53546.0,8021,
9060098,2011-01-23 07:41:00,702,3863,$24.62,Swipe Transaction,20519,Melville,NY,11747.0,5942,
14465207,2014-05-26 21:19:00,1245,4498,$27.75,Swipe Transaction,11468,Virginia Beach,VA,23454.0,5970,
13491890,2013-10-25 11:53:00,1817,2530,$40.75,Online Transaction,79050,ONLINE,,,4900,
20802725,2018-02-11 20:17:00,1066,1126,$100.00,Chip Transaction,27092,Pittsburgh,PA,15217.0,4829,
20298623,2017-10-28 07:35:00,1931,3530,$36.34,Chip Transaction,50783,Wellesley,MA,2482.0,5411,
14614157,2014-06-28 13:02:00,946,5403,$0.45,Swipe Transaction,56979,Latrobe,PA,15650.0,5411,
12738254,2013-05-12 14:47:00,1797,300,$55.59,Online Transaction,16798,ONLINE,,,4121,
12449231,2013-03-09 13:24:00,1464,3677,$80.00,Swipe Transaction,27092,Schenectady,NY,12309.0,4829,
22645232,2019-03-09 12:57:00,997,5046,$114.84,Chip Transaction,53870,Chula Vista,CA,91913.0,7922,
16231689,2015-06-14 04:41:00,377,4602,$83.63,Swipe Transaction,90865,Kirkland,WA,98034.0,5311,
17768150,2016-05-08 13:55:00,286,4450,$1.99,Chip Transaction,14528,Lumberton,MS,39455.0,5499,
14363104,2014-05-04 13:15:00,1452,3801,$100.00,Swipe Transaction,59935,Houston,TX,77056.0,5499,
17711437,2016-04-26 11:04:00,860,5782,$40.55,Chip Transaction,61195,Silver Spring,MD,20901.0,5541,
7634434,2010-02-10 12:22:00,1475,4496,$4.06,Swipe Transaction,95311,Ewa Beach,HI,96706.0,5812,
17071146,2015-12-10 13:12:00,98,4143,$8.11,Chip Transaction,98374,Union,SC,29379.0,5411,
18217533,2016-08-12 09:16:00,747,2549,$0.95,Chip Transaction,86438,Lima,OH,45801.0,5499,
13335586,2013-09-21 06:46:00,442,1213,$35.59,Swipe Transaction,50783,Chesterfield,MO,63017.0,5411,
23015830,2019-05-27 06:18:00,900,1238,$12.77,Chip Transaction,32769,Panama City,FL,32401.0,5300,
17219388,2016-01-11 06:44:00,1295,3318,$6.32,Chip Transaction,83271,Rochester,MN,55901.0,4214,
8068657,2010-05-29 20:58:00,1140,2195,$37.64,Swipe Transaction,31603,Lawrence,KS,66049.0,5813,
15524475,2015-01-12 12:03:00,490,176,$57.80,Chip Transaction,99370,San Antonio,TX,78232.0,5311,
21829141,2018-09-17 13:14:00,1695,114,$68.30,Chip Transaction,57854,Whittier,CA,90603.0,5912,
19249268,2017-03-20 09:21:00,1629,4290,$26.40,Online Transaction,39021,ONLINE,,,4784,
18484967,2016-10-08 12:41:00,672,5001,$42.89,Chip Transaction,89490,Cosby,TN,37722.0,5300,
9951701,2011-08-19 09:38:00,716,3965,$21.16,Swipe Transaction,32175,Brawley,CA,92227.0,7538,
19936541,2017-08-12 10:51:00,885,6005,$0.32,Chip Transaction,14528,Crane,MO,65633.0,5499,
11023085,2012-04-21 15:28:00,1076,3027,$34.81,Swipe Transaction,50783,Fayetteville,NC,28306.0,5411,
18463280,2016-10-03 17:56:00,1,4400,$26.23,Swipe Transaction,60569,Pensacola,FL,32534.0,5300,
11264441,2012-06-15 12:01:00,1288,2428,$9.15,Swipe Transaction,49789,Rochester,NY,14619.0,5541,
21552948,2018-07-21 06:24:00,1692,5371,$53.81,Online Transaction,39021,ONLINE,,,4784,
21716292,2018-08-24 14:13:00,1293,5260,$-52.00,Chip Transaction,61195,Dickinson,TX,77539.0,5541,
19931512,2017-08-11 10:21:00,1105,4119,$3.78,Chip Transaction,50783,Mission,TX,78573.0,5411,
13896508,2014-01-22 09:02:00,732,5220,$12.07,Swipe Transaction,20561,Wichita,KS,67206.0,5912,
9780871,2011-07-10 22:27:00,1610,3968,$-307.00,Swipe Transaction,74934,Oakland,CA,94606.0,3596,
13418669,2013-10-09 12:07:00,1686,297,$96.17,Swipe Transaction,6944,Lafayette,CO,80026.0,4900,
12469192,2013-03-14 05:58:00,1944,1059,$13.76,Swipe Transaction,56847,Independence,KY,41051.0,5310,
14491104,2014-06-01 15:02:00,942,4973,$21.89,Online Transaction,9932,ONLINE,,,5311,
11876646,2012-10-31 16:39:00,1243,3884,$-82.00,Swipe Transaction,59935,Chambersburg,PA,17202.0,5499,
13149313,2013-08-11 06:52:00,364,4623,$96.56,Swipe Transaction,22204,Andersonville,TN,37705.0,5541,
23693711,2019-10-17 12:39:00,509,3446,$20.75,Chip Transaction,25717,Beaver,WV,25813.0,5812,
22547704,2019-02-16 18:49:00,1050,4326,$47.54,Chip Transaction,81052,Durham,NC,27704.0,5812,
20544571,2017-12-19 09:04:00,1449,1003,$18.44,Swipe Transaction,59935,Warner Robins,GA,31093.0,5499,
16238699,2015-06-15 12:30:00,225,4780,$27.83,Chip Transaction,4602,Houston,TX,77035.0,8041,
12309040,2013-02-06 10:36:00,1849,5904,$45.79,Swipe Transaction,20561,Tacoma,WA,98445.0,5912,
9149505,2011-02-13 10:56:00,1856,3939,$96.22,Swipe Transaction,60569,Leland,NC,28451.0,5300,
21235812,2018-05-14 20:43:00,868,5565,$14.23,Chip Transaction,50867,Oklahoma City,OK,73110.0,5541,
21483326,2018-07-06 11:16:00,135,4791,$31.95,Chip Transaction,36934,Lancaster,OH,43130.0,7538,
20837758,2018-02-19 12:39:00,1818,4711,$11.92,Chip Transaction,68431,Virginia Beach,VA,23451.0,5813,
11631812,2012-09-06 11:05:00,759,3101,$55.38,Swipe Transaction,32858,Hendersonville,TN,37075.0,5311,
14945916,2014-09-08 16:40:00,619,4519,$82.37,Swipe Transaction,18370,Rochester,MN,55901.0,4900,
10682148,2012-02-03 05:34:00,329,4788,$41.02,Swipe Transaction,60569,Santa Barbara,CA,93101.0,5300,
17707984,2016-04-25 15:04:00,1330,2189,$16.18,Online Transaction,15143,ONLINE,,,4784,
12298601,2013-02-03 21:10:00,1827,3395,$49.07,Swipe Transaction,51961,Valley Center,CA,92082.0,5813,
15642293,2015-02-07 07:18:00,1971,4566,$9.41,Chip Transaction,20519,Syracuse,NY,13203.0,5942,
16417284,2015-07-23 13:49:00,1487,5978,$23.96,Chip Transaction,41894,Mars,PA,16046.0,5912,
11732464,2012-09-29 05:57:00,89,2640,$6.27,Swipe Transaction,47222,Mesilla Park,NM,88047.0,5411,
16031306,2015-05-02 06:19:00,679,3741,$3.57,Chip Transaction,84150,Irvington,NY,10533.0,5411,
16457931,2015-08-01 09:18:00,199,1031,$0.23,Chip Transaction,14528,Allen,TX,75002.0,5499,
22734848,2019-03-28 12:10:00,1654,1368,$93.00,Chip Transaction,61195,Newport,RI,2840.0,5541,
9584637,2011-05-26 09:49:00,1435,4294,$32.58,Online Transaction,30130,ONLINE,,,5192,
12354226,2013-02-16 11:03:00,1237,3944,$12.47,Swipe Transaction,75781,Waukegan,IL,60085.0,5411,
13514374,2013-10-30 11:41:00,1756,4259,$25.91,Swipe Transaction,26909,Bailey,NC,27807.0,5211,
20366985,2017-11-11 14:12:00,1300,156,$16.53,Chip Transaction,81536,Olla,LA,71465.0,5310,
11533613,2012-08-15 08:37:00,1534,4250,$38.12,Online Transaction,18563,ONLINE,,,4121,
18060189,2016-07-09 18:56:00,931,5847,$31.87,Chip Transaction,48919,Memphis,TN,38118.0,5311,
13788226,2013-12-29 13:50:00,972,4166,$51.00,Swipe Transaction,43293,Terlingua,TX,79852.0,5499,
15037107,2014-09-28 15:26:00,1194,5270,$19.67,Online Transaction,39021,ONLINE,,,4784,
13149629,2013-08-11 07:50:00,1810,3339,$0.44,Swipe Transaction,34350,Romulus,MI,48174.0,5411,
23169159,2019-06-28 12:32:00,758,2181,$1.24,Chip Transaction,14528,Alhambra,CA,91801.0,5499,
14679369,2014-07-12 17:01:00,275,3911,$51.97,Swipe Transaction,88646,Webster,TX,77598.0,5812,
11756278,2012-10-04 12:13:00,1962,2594,$66.41,Swipe Transaction,67570,Montgomery,IL,60538.0,5311,
15894881,2015-04-02 14:11:00,816,2968,$62.00,Chip Transaction,61195,Bristol,TN,37620.0,5541,
14537901,2014-06-11 20:59:00,113,3705,$87.65,Swipe Transaction,86800,North Richland Hills,TX,76180.0,5300,
13681787,2013-12-06 10:16:00,1535,3461,$20.99,Swipe Transaction,43293,Lucasville,OH,45648.0,5499,
18805047,2016-12-15 12:59:00,1424,4876,$2.01,Swipe Transaction,50783,Kingman,AZ,86401.0,5411,
22996382,2019-05-23 06:23:00,1669,4359,$85.19,Chip Transaction,59935,West Sacramento,CA,95691.0,5499,
16992006,2015-11-23 15:35:00,1759,4232,$-85.00,Chip Transaction,59935,Oceanside,CA,92057.0,5499,
9497498,2011-05-05 19:57:00,1888,1016,$95.79,Swipe Transaction,59935,Farmington,MN,55024.0,5499,
8177167,2010-06-25 10:42:00,592,3659,$80.00,Swipe Transaction,27092,Hendersonville,NC,28792.0,4829,
9364826,2011-04-05 04:39:00,1209,4573,$4.97,Swipe Transaction,75781,Owatonna,MN,55060.0,5411,
10988098,2012-04-13 15:48:00,16,4964,$89.10,Swipe Transaction,49789,Maywood,IL,60153.0,5541,
13768219,2013-12-25 10:19:00,1063,5683,$10.13,Swipe Transaction,96049,Rochelle,IL,61068.0,5541,
11460853,2012-07-29 16:50:00,1644,3867,$15.48,Swipe Transaction,83480,Chester,SC,29706.0,9402,
15111462,2014-10-14 16:11:00,1618,3031,$72.12,Swipe Transaction,20561,Ossining,NY,10562.0,5912,
17353827,2016-02-08 16:40:00,1144,5153,$5.53,Swipe Transaction,76852,Houston,TX,77086.0,5912,
16509036,2015-08-12 07:56:00,1727,3766,$22.94,Online Transaction,18563,ONLINE,,,4121,
11797271,2012-10-13 15:18:00,1263,140,$87.00,Swipe Transaction,59935,Marietta,GA,30008.0,5499,
22287601,2018-12-23 16:34:00,1079,5826,$5.13,Chip Transaction,16921,Rockville Centre,NY,11570.0,5411,
7660999,2010-02-17 08:03:00,1540,5562,$17.05,Swipe Transaction,75781,Fairfield,OH,45014.0,5411,
8815312,2010-11-26 01:54:00,1682,3407,$22.04,Swipe Transaction,22204,Orlando,FL,32818.0,5541,
10044440,2011-09-09 14:05:00,1239,1243,$0.90,Swipe Transaction,14528,Garden Grove,CA,92840.0,5499,
11184969,2012-05-28 15:10:00,1744,1138,$17.23,Swipe Transaction,37074,Denmark,TN,38391.0,5813,
12992087,2013-07-07 12:50:00,438,5538,$1.04,Swipe Transaction,76383,Brookville,PA,15825.0,5812,
23489502,2019-09-04 06:03:00,1686,297,$27.06,Chip Transaction,56437,Lafayette,CO,80026.0,7542,
15053548,2014-10-02 10:02:00,997,2261,$24.15,Online Transaction,15143,ONLINE,,,4784,
10803212,2012-03-02 14:10:00,598,2040,$47.89,Swipe Transaction,32858,Limington,ME,4049.0,5311,
18697680,2016-11-22 16:54:00,840,37,$143.86,Chip Transaction,26909,San Francisco,CA,94133.0,5211,
9161314,2011-02-16 07:15:00,490,176,$26.98,Swipe Transaction,79174,San Antonio,TX,78201.0,5912,
17638237,2016-04-10 16:41:00,1367,3893,$47.29,Chip Transaction,36934,Green Bay,WI,54302.0,7538,
18215369,2016-08-11 16:46:00,1147,2042,$39.71,Online Transaction,39021,ONLINE,,,4784,
15728799,2015-02-25 16:28:00,1880,3757,$39.02,Chip Transaction,60569,Milwaukee,WI,53215.0,5300,
20023211,2017-08-30 16:40:00,1885,3424,$56.66,Online Transaction,88459,ONLINE,,,5311,
13659767,2013-12-01 11:57:00,1369,3365,$10.31,Swipe Transaction,98648,Fairland,IN,46126.0,5814,
18646958,2016-11-12 01:46:00,125,5770,$7.25,Chip Transaction,23462,Modesto,CA,95351.0,5813,
13701183,2013-12-10 13:31:00,323,4268,$26.75,Swipe Transaction,32175,Fresno,CA,93727.0,7538,
8775689,2010-11-16 14:19:00,78,5910,$56.19,Swipe Transaction,48919,Los Angeles,CA,90044.0,5311,
22079043,2018-11-09 13:24:00,403,4580,$32.21,Swipe Transaction,32175,Chandler,TX,75758.0,7538,
21660873,2018-08-12 20:05:00,1303,6085,$74.87,Chip Transaction,22204,Strongsville,OH,44149.0,5541,
14452540,2014-05-24 08:48:00,1899,5969,$1.89,Online Transaction,9932,ONLINE,,,5311,
8150024,2010-06-18 16:01:00,1030,3828,$8.92,Swipe Transaction,87625,Vancouver,WA,98684.0,5812,
17943026,2016-06-14 16:44:00,1979,2548,$36.78,Chip Transaction,83743,Boca Raton,FL,33486.0,7538,
8522207,2010-09-16 15:11:00,1243,3884,$150.52,Swipe Transaction,10054,Harrisburg,PA,17113.0,5300,
16322336,2015-07-03 11:19:00,371,3453,$23.69,Online Transaction,85247,ONLINE,,,5815,
17365037,2016-02-11 07:22:00,920,3113,$3.07,Chip Transaction,50783,Albuquerque,NM,87106.0,5411,
15272376,2014-11-18 21:20:00,1904,2555,$-83.00,Swipe Transaction,61195,Mcalester,OK,74501.0,5541,
10154334,2011-10-05 04:46:00,1855,3021,$-139.00,Swipe Transaction,44795,Anchorage,AK,99504.0,3780,
12282743,2013-01-31 12:32:00,598,32,$11.31,Swipe Transaction,44578,Enfield,NH,3748.0,5812,
22881772,2019-04-28 12:29:00,1598,4657,$145.33,Chip Transaction,86616,Selma,CA,93662.0,4814,
14288027,2014-04-18 07:15:00,197,1302,$99.21,Swipe Transaction,60569,Lexington,KY,40502.0,5300,
21491945,2018-07-08 08:08:00,856,4851,$13.41,Swipe Transaction,24504,Chevy Chase,MD,20815.0,4214,
20835800,2018-02-18 23:26:00,1504,3486,$152.00,Chip Transaction,57133,Waianae,HI,96792.0,3730,
16166998,2015-05-31 08:07:00,157,969,$40.00,Chip Transaction,27092,Splendora,TX,77372.0,4829,
13419940,2013-10-09 16:19:00,141,4219,$30.93,Swipe Transaction,81833,Franklin,TX,77856.0,5912,
15049476,2014-10-01 10:47:00,772,4858,$96.00,Swipe Transaction,5248,Columbia City,OR,97018.0,5499,
13156230,2013-08-12 14:06:00,142,5140,$57.39,Swipe Transaction,32175,Willington,CT,6279.0,7538,
11620762,2012-09-04 00:55:00,989,2938,$512.90,Swipe Transaction,16041,South Ozone Park,NY,11420.0,7802,
17452534,2016-03-01 17:16:00,1224,3874,$41.43,Chip Transaction,81833,Capitol Heights,MD,20743.0,5912,
18698043,2016-11-22 18:57:00,452,4249,$64.37,Swipe Transaction,20519,Huntsville,TX,77320.0,5942,
14975831,2014-09-15 10:16:00,1519,1020,$1.48,Swipe Transaction,22204,Laurel,MT,59044.0,5541,
18825348,2016-12-19 22:54:00,979,2613,$52.07,Chip Transaction,35451,Rosemead,CA,91770.0,5812,
15972462,2015-04-19 10:25:00,380,5838,$19.15,Chip Transaction,39420,Des Moines,IA,50313.0,5912,
10419403,2011-12-05 07:30:00,1774,5939,$80.00,Swipe Transaction,27092,Minneapolis,MN,55427.0,4829,
13083574,2013-07-27 13:06:00,764,286,$49.32,Swipe Transaction,20519,Vienna,GA,31092.0,5942,
15678402,2015-02-14 20:25:00,850,5699,$41.42,Chip Transaction,43293,Shepherdsville,KY,40165.0,5499,
18441988,2016-09-29 08:24:00,566,2543,$9.18,Chip Transaction,83480,Holly,MI,48442.0,9402,
18780449,2016-12-10 12:31:00,1668,166,$70.51,Chip Transaction,82981,Dover,NH,3820.0,5912,
17697255,2016-04-23 11:33:00,1081,3892,$35.16,Chip Transaction,22204,Aurora,CO,80013.0,5541,
13716830,2013-12-14 04:00:00,714,2958,$68.51,Online Transaction,80770,ONLINE,,,7922,
23752833,2019-10-30 06:04:00,490,176,$7.57,Chip Transaction,61195,San Antonio,TX,78230.0,5541,
12798599,2013-05-26 05:44:00,1089,2682,$18.39,Swipe Transaction,33120,Louisville,KY,40299.0,5813,
17128769,2015-12-22 16:17:00,1259,2006,$177.36,Online Transaction,65108,ONLINE,,,4899,
22649195,2019-03-10 09:55:00,1725,2238,$0.84,Chip Transaction,50783,Henrico,VA,23228.0,5411,
16468422,2015-08-03 11:56:00,153,107,$163.66,Online Transaction,61738,ONLINE,,,5094,
13849317,2014-01-11 21:49:00,38,2526,$30.74,Online Transaction,50404,ONLINE,,,4784,
23327594,2019-07-31 21:28:00,241,3921,$61.86,Swipe Transaction,92883,Rockingham,NC,28379.0,5812,
15246367,2014-11-13 12:09:00,1117,1162,$48.86,Online Transaction,73186,ONLINE,,,4814,
15753319,2015-03-03 06:20:00,1150,4856,$7.87,Chip Transaction,75781,Keene,TX,76059.0,5411,
16882440,2015-10-31 09:22:00,1177,4016,$13.55,Chip Transaction,22,Newark,DE,19711.0,5812,
11865083,2012-10-29 07:40:00,580,5109,$46.84,Online Transaction,39021,ONLINE,,,4784,
19914901,2017-08-07 21:18:00,1787,4645,$54.13,Chip Transaction,24339,Lexington,KY,40509.0,5812,
10956796,2012-04-06 14:13:00,144,5247,$19.74,Swipe Transaction,20561,Hot Springs National Park,AR,71913.0,5912,
20279078,2017-10-24 07:03:00,1956,1125,$1.07,Chip Transaction,14528,Anaheim,CA,92804.0,5499,
11341280,2012-07-02 17:29:00,206,3053,$41.06,Swipe Transaction,18878,Wyoming,MI,49519.0,5812,
10827566,2012-03-08 08:31:00,1777,4557,$14.55,Swipe Transaction,83229,Burke,VA,22009.0,5411,
12565737,2013-04-04 12:21:00,1811,3978,$21.31,Swipe Transaction,75936,Los Altos,CA,94024.0,5814,
11260091,2012-06-14 12:31:00,737,148,$12.80,Swipe Transaction,46284,Grants Pass,OR,97526.0,5411,
16768515,2015-10-06 16:30:00,832,3548,$75.44,Chip Transaction,60569,Rockwall,TX,75087.0,5300,
7887734,2010-04-14 22:52:00,1763,4486,$20.74,Swipe Transaction,94123,Minneapolis,MN,55430.0,5310,
11817821,2012-10-18 10:49:00,447,4617,$99.74,Swipe Transaction,81536,Zeeland,MI,49464.0,5310,
22228793,2018-12-11 11:03:00,638,6050,$24.53,Chip Transaction,73855,Blair,NE,68008.0,7542,
9514905,2011-05-10 05:42:00,246,1158,$23.07,Swipe Transaction,28257,Winona,MN,55987.0,5813,
16559210,2015-08-22 23:29:00,1788,2700,$102.36,Chip Transaction,86616,Mandeville,LA,70448.0,4814,
15397882,2014-12-16 08:29:00,1755,998,$0.46,Swipe Transaction,25887,Cordele,GA,31015.0,5814,
8508028,2010-09-13 10:44:00,425,5149,$8.69,Swipe Transaction,72515,Carmel,CA,93923.0,5814,
10833389,2012-03-09 12:39:00,1534,4250,$69.54,Swipe Transaction,99370,Barnegat,NJ,8005.0,5311,Insufficient Balance
11081756,2012-05-05 06:53:00,1357,4611,$1.54,Swipe Transaction,83271,Tacoma,WA,98445.0,4214,
15859234,2015-03-25 18:17:00,161,3096,$11.13,Swipe Transaction,98692,Waco,TX,76707.0,5812,
10740164,2012-02-16 08:52:00,1330,2189,$45.30,Online Transaction,15143,ONLINE,,,4784,
17558263,2016-03-24 13:07:00,1121,5511,$114.98,Chip Transaction,30157,Charleston,SC,29492.0,5310,
23753709,2019-10-30 09:35:00,488,5413,$78.93,Swipe Transaction,50783,Ingleside,TX,78362.0,5411,
10009691,2011-09-01 14:08:00,373,261,$95.00,Swipe Transaction,43293,Hamilton,IN,46742.0,5499,
16310499,2015-06-30 17:16:00,1018,3022,$61.61,Chip Transaction,25887,Palm Coast,FL,32137.0,5814,
9885481,2011-08-04 07:05:00,1176,5003,$23.44,Online Transaction,39021,ONLINE,,,4784,
10757172,2012-02-20 07:45:00,1222,1076,$40.48,Swipe Transaction,82981,Jerome,ID,83338.0,5912,
21823610,2018-09-16 09:47:00,48,3456,$14.81,Chip Transaction,22400,Albuquerque,NM,87106.0,5411,
18262824,2016-08-22 00:41:00,414,3958,$22.84,Chip Transaction,61195,New Providence,NJ,7974.0,5541,
20402272,2017-11-19 04:35:00,27,2631,$29.77,Chip Transaction,20561,Brandon,MS,39042.0,5912,
13207232,2013-08-23 18:39:00,488,4817,$110.98,Swipe Transaction,60569,Corpus Christi,TX,78413.0,5300,
19230559,2017-03-16 08:38:00,1825,5713,$33.31,Chip Transaction,89069,Aurora,CO,80013.0,5251,
11608327,2012-09-01 07:03:00,1398,200,$23.63,Online Transaction,39021,ONLINE,,,4784,
17439423,2016-02-27 00:45:00,1046,3259,$32.12,Chip Transaction,85278,Philadelphia,PA,19145.0,4900,
21311244,2018-05-31 05:39:00,1008,2325,$1.09,Chip Transaction,20519,Chicago,IL,60657.0,5942,
8987722,2011-01-06 00:09:00,121,5952,$86.46,Swipe Transaction,91717,Menasha,WI,54952.0,5912,
8066659,2010-05-29 11:32:00,1989,2984,$6.08,Swipe Transaction,58564,Upper Marlboro,MD,20774.0,5813,
22159325,2018-11-26 14:09:00,1193,4023,$-88.00,Swipe Transaction,61195,Poughkeepsie,NY,12603.0,5541,
14659456,2014-07-08 10:23:00,280,2826,$50.55,Swipe Transaction,47650,Richmond,CA,94804.0,5912,
9651965,2011-06-11 02:39:00,758,2662,$6.52,Swipe Transaction,17493,Alhambra,CA,91801.0,5812,
22633248,2019-03-07 06:34:00,81,2962,$2.91,Swipe Transaction,50783,Bulverde,TX,78163.0,5411,
13788276,2013-12-29 14:01:00,240,4348,$8.15,Swipe Transaction,61195,Morristown,TN,37814.0,5541,
20957034,2018-03-16 17:09:00,990,5038,$48.06,Chip Transaction,100340,Donaldsonville,LA,70346.0,5812,
15281732,2014-11-21 06:31:00,557,5570,$42.63,Swipe Transaction,69030,Inglewood,CA,90302.0,7538,
10091523,2011-09-20 13:21:00,1018,3022,$399.05,Swipe Transaction,19363,Jacksonville,FL,32277.0,4112,
12014231,2012-12-01 16:21:00,1992,3797,$30.43,Swipe Transaction,55119,Parma,MO,63870.0,5310,
12952983,2013-06-29 05:53:00,1430,2813,$6.48,Swipe Transaction,72102,Urbandale,IA,50322.0,5300,
15103552,2014-10-13 06:35:00,1088,6095,$-50.00,Swipe Transaction,59935,Charleston,SC,29403.0,5499,
13539128,2013-11-04 16:48:00,951,2942,$-60.00,Swipe Transaction,61195,Compton,CA,90222.0,5541,
19666934,2017-06-16 13:21:00,1080,5844,$8.92,Chip Transaction,98374,Elko,GA,31025.0,5411,
23583086,2019-09-23 17:36:00,299,223,$67.95,Chip Transaction,60569,Bronx,NY,10462.0,5300,
10083231,2011-09-18 15:17:00,909,4663,$26.64,Swipe Transaction,59935,Olympia,WA,98516.0,5499,
8878739,2010-12-11 10:37:00,659,128,$4.85,Swipe Transaction,61763,Mitchell,IN,47446.0,7210,
17159219,2015-12-29 06:30:00,1844,4114,$7.94,Chip Transaction,56359,Corpus Christi,TX,78410.0,5812,
7585490,2010-01-29 08:05:00,460,4534,$8.68,Swipe Transaction,45926,Hartsdale,NY,10530.0,5814,
20331429,2017-11-04 07:07:00,156,5438,$25.46,Chip Transaction,43962,Fontana,CA,92335.0,5411,
16038764,2015-05-03 14:26:00,737,148,$-97.00,Swipe Transaction,59935,Medford,OR,97504.0,5499,
21563464,2018-07-23 08:53:00,1659,959,$27.88,Chip Transaction,63683,Wauconda,IL,60084.0,4121,
16433200,2015-07-26 22:07:00,1432,4958,$18.73,Chip Transaction,11468,Chatham,NJ,7928.0,5970,
22335122,2019-01-02 19:22:00,789,2125,$26.67,Swipe Transaction,19756,Millville,NJ,8332.0,7832,
13270491,2013-09-06 15:13:00,1213,3518,$44.15,Swipe Transaction,29780,Calistoga,CA,94515.0,5912,
20992629,2018-03-24 10:27:00,452,5700,$5.77,Chip Transaction,22204,Houston,TX,77096.0,5541,
18511718,2016-10-14 05:58:00,1719,4942,$41.99,Chip Transaction,51755,Miami,FL,33179.0,5411,
19234718,2017-03-17 06:38:00,1787,2228,$70.00,Chip Transaction,59935,Lexington,KY,40509.0,5499,
11433133,2012-07-23 13:21:00,1651,3450,$120.00,Swipe Transaction,27092,Memphis,TN,38116.0,4829,
21746346,2018-08-30 22:17:00,637,2115,$21.79,Chip Transaction,49654,Woodcliff Lake,NJ,7677.0,7832,
20771998,2018-02-05 11:09:00,1288,2428,$-73.00,Chip Transaction,96049,Poca,WV,25159.0,5541,
9226130,2011-03-03 10:59:00,256,1276,$12.33,Swipe Transaction,25717,Raleigh,NC,27603.0,5812,
20872976,2018-02-26 21:45:00,1915,4116,$108.34,Chip Transaction,39343,Monroe,NY,10950.0,8043,
16409448,2015-07-21 17:54:00,408,2515,$52.00,Chip Transaction,96049,Birchwood,WI,54817.0,5541,
20695416,2018-01-20 07:40:00,1314,1140,$6.87,Swipe Transaction,17493,New Braunfels,TX,78130.0,5812,
13065238,2013-07-23 13:27:00,1576,2441,$13.88,Swipe Transaction,69972,Oxnard,CA,93035.0,5814,
16665976,2015-09-14 18:39:00,1323,318,$1.57,Chip Transaction,86438,Lordsburg,NM,88045.0,5499,
19614417,2017-06-05 13:37:00,219,4609,$26.21,Chip Transaction,50783,Harrison,MI,48625.0,5411,
14308033,2014-04-22 12:01:00,1274,2905,$67.23,Online Transaction,73186,ONLINE,,,4814,
11239332,2012-06-09 16:50:00,198,305,$68.36,Swipe Transaction,26810,Tampa,FL,33607.0,5541,
12475097,2013-03-15 10:07:00,1028,139,$69.16,Swipe Transaction,25206,Chicago,IL,60622.0,5300,
10946867,2012-04-04 11:35:00,1849,1011,$136.58,Swipe Transaction,86845,Tacoma,WA,98445.0,4900,
17608201,2016-04-04 09:12:00,563,5074,$3.74,Chip Transaction,80397,Arvada,CO,80003.0,5812,
14401136,2014-05-12 19:35:00,1140,41,$12.41,Swipe Transaction,92640,Lawrence,KS,66049.0,5812,
20775184,2018-02-06 06:54:00,1687,2509,$19.35,Online Transaction,16798,ONLINE,,,4121,
14280634,2014-04-16 11:44:00,1050,4326,$5.53,Swipe Transaction,20561,Mebane,NC,27302.0,5912,
8519213,2010-09-15 22:49:00,1877,2107,$60.92,Swipe Transaction,75936,Rockwall,TX,75032.0,5814,
23028346,2019-05-29 19:26:00,534,3986,$40.00,Chip Transaction,27092,Lucas,IA,50151.0,4829,
21294127,2018-05-27 10:17:00,1881,5318,$3.33,Chip Transaction,14897,Carleton,MI,48117.0,5411,
11544285,2012-08-17 14:00:00,0,1271,$17.49,Swipe Transaction,24206,Scarborough,ME,4074.0,4121,
19372108,2017-04-15 09:26:00,1448,4685,$32.81,Online Transaction,39021,ONLINE,,,4784,
7521663,2010-01-12 18:20:00,461,5482,$34.45,Swipe Transaction,41719,North Baltimore,OH,45872.0,7011,
13528185,2013-11-02 11:48:00,737,148,$33.87,Swipe Transaction,79596,Medford,OR,97504.0,5211,
18552729,2016-10-22 22:47:00,20,5011,$17.79,Swipe Transaction,51749,Fort Worth,TX,76109.0,7832,
11977578,2012-11-23 13:17:00,1031,3002,$8.52,Swipe Transaction,38422,Bennett,CO,80102.0,5812,
21145440,2018-04-25 15:41:00,155,239,$76.85,Swipe Transaction,28022,Hattiesburg,MS,39401.0,5912,
7891783,2010-04-15 22:26:00,901,4152,$3.83,Swipe Transaction,20561,Pensacola,FL,32507.0,5912,
8571662,2010-09-28 14:19:00,1222,1076,$45.19,Swipe Transaction,82981,Jerome,ID,83338.0,5912,
18136272,2016-07-25 22:39:00,938,231,$32.44,Chip Transaction,58932,De Soto,KS,66018.0,5813,
11891902,2012-11-04 07:17:00,1424,4710,$26.45,Swipe Transaction,59935,Kingman,AZ,86401.0,5499,
18121741,2016-07-22 18:52:00,34,1166,$46.51,Chip Transaction,75936,Sacramento,CA,95829.0,5814,
15795813,2015-03-12 08:25:00,1993,3157,$78.16,Chip Transaction,50783,Sunnyvale,CA,94087.0,5411,
8860865,2010-12-07 00:51:00,1442,2650,$2.79,Swipe Transaction,38099,Gooding,ID,83330.0,5812,
15401542,2014-12-16 23:57:00,561,4575,$12.85,Swipe Transaction,13523,Keokuk,IA,52632.0,5310,
10150706,2011-10-04 08:38:00,828,4235,$21.46,Online Transaction,16798,ONLINE,,,4121,
9525814,2011-05-12 13:04:00,1905,3902,$-51.00,Swipe Transaction,59935,Bradenton,FL,34207.0,5499,
9168758,2011-02-17 18:03:00,592,5946,$3.63,Swipe Transaction,59935,Hendersonville,NC,28792.0,5499,
10497368,2011-12-22 20:16:00,804,213,$63.21,Swipe Transaction,32175,Rockfield,KY,42274.0,7538,
15379109,2014-12-12 09:20:00,1993,5082,$1.11,Swipe Transaction,96003,Sunnyvale,CA,94087.0,5411,
21646487,2018-08-09 20:24:00,1107,2872,$7.68,Chip Transaction,56660,Candor,NY,13743.0,5813,
23599149,2019-09-27 10:21:00,1052,3651,$42.92,Chip Transaction,24823,Pittsburg,CA,94565.0,7538,
10244323,2011-10-25 16:24:00,1083,5173,$9.49,Swipe Transaction,58185,Ashland,KY,41102.0,5310,
17086468,2015-12-13 17:11:00,1461,103,$9.78,Chip Transaction,10875,Brunswick,OH,44212.0,5912,
21711628,2018-08-23 15:12:00,1659,3438,$29.06,Chip Transaction,63683,Wauconda,IL,60084.0,4121,
21256991,2018-05-19 11:43:00,1579,3830,$22.53,Chip Transaction,43293,Tampa,FL,33617.0,5499,
20094744,2017-09-14 20:45:00,992,4928,$54.03,Swipe Transaction,44578,Chesterfield,VA,23832.0,5812,
15831156,2015-03-19 20:13:00,376,4704,$250.13,Chip Transaction,87935,Vincentown,NJ,8088.0,7995,
8995671,2011-01-07 17:21:00,145,5521,$13.02,Swipe Transaction,15001,Roan Mountain,TN,37687.0,5300,
22270983,2018-12-20 09:45:00,1080,2562,$2.66,Chip Transaction,20519,Vienna,GA,31092.0,5942,
21856585,2018-09-23 10:09:00,293,4260,$5.76,Swipe Transaction,72388,Norman,OK,73071.0,5300,
11422536,2012-07-21 06:03:00,78,5910,$9.39,Swipe Transaction,75781,Los Angeles,CA,90045.0,5411,
20029926,2017-09-01 07:53:00,772,5315,$5.32,Chip Transaction,35451,Gresham,OR,97080.0,5812,
10613864,2012-01-18 12:43:00,1985,4781,$13.12,Swipe Transaction,60569,Alpharetta,GA,30022.0,5300,
8728168,2010-11-05 09:13:00,859,3480,$9.82,Swipe Transaction,28395,Cookeville,TN,38501.0,5541,
22457914,2019-01-28 16:33:00,753,1311,$38.74,Chip Transaction,54850,Haleyville,AL,35565.0,4814,
12782699,2013-05-22 14:22:00,1717,2652,$34.83,Online Transaction,39021,ONLINE,,,4784,
20441710,2017-11-27 12:55:00,1006,4723,$6.52,Chip Transaction,39688,Hobart,IN,46342.0,5912,
18712316,2016-11-25 19:33:00,1901,3846,$9.19,Swipe Transaction,49789,Rosebush,MI,48878.0,5541,
9305497,2011-03-22 07:16:00,643,5597,$7.13,Swipe Transaction,98648,Saint Albans,NY,11412.0,5814,
20654621,2018-01-11 13:02:00,1638,3856,$20.15,Online Transaction,18563,ONLINE,,,4121,Technical Glitch
10394174,2011-11-29 09:30:00,763,4993,$2.63,Swipe Transaction,22938,Alamo,GA,30411.0,5812,
20528064,2017-12-15 15:44:00,604,3085,$33.23,Online Transaction,39021,ONLINE,,,4784,
13850454,2014-01-12 08:17:00,987,4146,$25.21,Online Transaction,39021,ONLINE,,,4784,
8759055,2010-11-12 15:33:00,643,5597,$38.13,Swipe Transaction,96045,Saint Albans,NY,11412.0,5300,
11909130,2012-11-08 07:06:00,846,3886,$32.06,Swipe Transaction,68069,Omaha,NE,68136.0,5912,
11593756,2012-08-28 20:27:00,280,1062,$6.48,Swipe Transaction,3238,Los Angeles,CA,90038.0,5812,
22434733,2019-01-23 23:25:00,1330,6045,$130.32,Swipe Transaction,43950,Santa Barbara,CA,93109.0,5621,
7971925,2010-05-05 22:27:00,1559,2920,$187.05,Swipe Transaction,27648,Houston,TX,77019.0,5300,
18314152,2016-09-01 18:23:00,229,2683,$86.27,Swipe Transaction,22204,Stanwood,IA,52337.0,5541,
17081774,2015-12-12 18:03:00,667,4563,$23.44,Chip Transaction,32298,Durham,NC,27713.0,7349,
10906260,2012-03-26 07:01:00,851,4243,$3.66,Swipe Transaction,61195,Shelbyville,KY,40065.0,5541,
21988532,2018-10-21 10:28:00,675,5261,$175.30,Online Transaction,56276,ONLINE,,,4899,
13684978,2013-12-07 03:08:00,68,5435,$127.07,Swipe Transaction,75034,Davenport,IA,52807.0,5045,
22731576,2019-03-27 17:28:00,1479,1139,$57.98,Swipe Transaction,43293,Atlanta,GA,30310.0,5499,
16250096,2015-06-17 18:51:00,845,2055,$17.23,Chip Transaction,25887,Fort Walton Beach,FL,32547.0,5814,
7596415,2010-02-01 06:08:00,1295,3318,$10.24,Swipe Transaction,83480,Duluth,MN,55807.0,9402,
16047036,2015-05-05 10:40:00,1259,2006,$10.63,Chip Transaction,69972,Wilton,CT,6897.0,5814,
15896717,2015-04-02 23:08:00,1992,3797,$50.50,Swipe Transaction,58666,Parma,MO,63870.0,5300,
7513466,2010-01-10 16:48:00,229,5942,$60.60,Online Transaction,73186,ONLINE,,,4814,
14414021,2014-05-15 18:14:00,839,5667,$-488.00,Swipe Transaction,49637,Roscoe,IL,61073.0,3509,
13340669,2013-09-22 07:50:00,1499,3991,$29.38,Swipe Transaction,32175,Glen Ellyn,IL,60137.0,7538,
15597876,2015-01-28 10:34:00,379,327,$-63.00,Chip Transaction,22204,Mobile,AL,36693.0,5541,
14034097,2014-02-21 12:17:00,1752,3880,$19.47,Swipe Transaction,50783,Arnaudville,LA,70512.0,5411,
17350413,2016-02-08 06:30:00,230,5893,$7.07,Chip Transaction,49251,Baton Rouge,LA,70815.0,5912,
13505567,2013-10-28 10:48:00,58,1324,$49.47,Swipe Transaction,61195,Foristell,MO,63348.0,5541,
17899778,2016-06-05 14:55:00,1717,2652,$80.23,Chip Transaction,30256,Oakfield,NY,14125.0,5912,Insufficient Balance
14453465,2014-05-24 11:35:00,80,2689,$17.45,Swipe Transaction,59935,Maria Stein,OH,45860.0,5499,
10043625,2011-09-09 11:31:00,1087,1029,$11.25,Swipe Transaction,75936,Stanford,KY,40484.0,5814,
22324604,2018-12-31 13:50:00,207,2661,$93.85,Chip Transaction,12780,Danville,VA,24541.0,5411,
18809066,2016-12-16 11:52:00,1776,3596,$34.58,Online Transaction,39021,ONLINE,,,4784,
16727063,2015-09-27 20:39:00,1081,3892,$95.33,Chip Transaction,75936,Aurora,CO,80013.0,5814,
11111428,2012-05-11 19:44:00,957,82,$75.43,Swipe Transaction,90997,Germantown,MD,20874.0,4900,
9284993,2011-03-17 09:14:00,1170,4353,$3.98,Swipe Transaction,61195,Mount Pleasant,NC,28124.0,5541,
17459558,2016-03-03 09:34:00,1776,4938,$66.00,Chip Transaction,61195,Nashport,OH,43830.0,5541,
13511975,2013-10-29 18:48:00,285,2156,$60.00,Swipe Transaction,27092,San Jose,CA,95111.0,4829,Insufficient Balance
20243963,2017-10-16 14:59:00,716,4715,$6.80,Chip Transaction,23078,Banning,CA,92220.0,7542,
17714215,2016-04-26 22:23:00,1523,4521,$1.74,Online Transaction,18563,ONLINE,,,4121,
9074379,2011-01-26 12:38:00,992,4928,$74.89,Swipe Transaction,86410,Franklin,VA,23851.0,5211,
10749309,2012-02-18 09:23:00,1531,2573,$76.00,Swipe Transaction,43293,Trion,GA,30753.0,5499,
20154861,2017-09-27 15:02:00,1769,3981,$13.32,Chip Transaction,70927,Manahawkin,NJ,8050.0,7538,
20677740,2018-01-16 13:21:00,456,2800,$67.05,Chip Transaction,39991,Lincoln Park,MI,48146.0,3771,
16993384,2015-11-23 22:52:00,1810,5936,$111.91,Online Transaction,88459,ONLINE,,,5311,
20638104,2018-01-07 21:44:00,884,1373,$3.59,Chip Transaction,20884,Grand Rapids,MI,49548.0,5812,
23556460,2019-09-18 09:37:00,1559,3301,$1.08,Chip Transaction,14528,Acworth,GA,30101.0,5499,
21208649,2018-05-09 08:00:00,1603,5981,$3.33,Chip Transaction,44211,Downey,ID,83234.0,5812,
21754900,2018-09-01 15:52:00,472,3007,$30.14,Chip Transaction,75781,Round Lake,IL,60073.0,5411,
22709306,2019-03-23 00:13:00,1997,3343,$127.26,Online Transaction,73186,ONLINE,,,4814,
10953097,2012-04-05 17:29:00,808,3969,$19.81,Swipe Transaction,51310,Brentwood,NY,11717.0,5211,
20994159,2018-03-24 14:58:00,1137,3688,$70.00,Chip Transaction,49789,Hendersonville,NC,28739.0,5541,
23200231,2019-07-05 06:19:00,856,4851,$83.77,Swipe Transaction,60569,Germantown,MD,20875.0,5300,
8278982,2010-07-20 08:14:00,398,1199,$-79.00,Swipe Transaction,59935,Sacramento,CA,95822.0,5499,
18414407,2016-09-23 10:21:00,1323,318,$100.00,Chip Transaction,27092,Clovis,NM,88101.0,4829,
10523226,2011-12-28 16:15:00,1598,3889,$6.37,Swipe Transaction,89069,Reedley,CA,93654.0,5251,
13216928,2013-08-25 20:16:00,1559,2920,$58.11,Swipe Transaction,55060,Acworth,GA,30101.0,5812,
9547892,2011-05-17 16:35:00,1190,5358,$44.64,Online Transaction,39021,ONLINE,,,4784,
10059216,2011-09-13 06:09:00,1802,5836,$29.95,Swipe Transaction,75166,Monroe Township,NJ,8831.0,7538,
9825968,2011-07-21 09:51:00,375,3354,$1.26,Swipe Transaction,86438,Clayton,NC,27527.0,5499,
7817466,2010-03-28 12:53:00,477,4168,$5.05,Swipe Transaction,87625,Westbrook,ME,4092.0,5812,
9160110,2011-02-15 18:48:00,20,5011,$60.00,Swipe Transaction,27092,Weatherford,TX,76087.0,4829,
19081444,2017-02-12 12:02:00,1959,89,$15.54,Chip Transaction,22204,Chardon,OH,44024.0,5541,
22856544,2019-04-23 07:10:00,1075,3287,$37.23,Online Transaction,18563,ONLINE,,,4121,
17576588,2016-03-28 12:46:00,1549,4825,$110.22,Chip Transaction,36934,Houston,TX,77096.0,7538,
19581574,2017-05-29 14:52:00,790,5123,$40.68,Chip Transaction,59935,Lakeside,CA,92040.0,5499,
17169552,2015-12-31 10:15:00,1003,3130,$8.59,Chip Transaction,80012,Lehighton,PA,18235.0,5812,
22579966,2019-02-23 14:57:00,3,3597,$69.55,Chip Transaction,81833,Wichita Falls,TX,76301.0,5912,
23463173,2019-08-29 13:04:00,1770,6054,$24.73,Chip Transaction,33287,Lake Worth,FL,33463.0,5812,
9860887,2011-07-29 10:54:00,1849,1011,$46.43,Swipe Transaction,60569,Vancouver,WA,98661.0,5300,
16998281,2015-11-25 00:11:00,554,2308,$3.84,Chip Transaction,60569,League City,TX,77573.0,5300,
10240490,2011-10-24 20:18:00,1250,5419,$192.08,Online Transaction,72813,ONLINE,,,6300,
10530417,2011-12-30 10:44:00,1190,5358,$17.01,Swipe Transaction,57885,Summerville,SC,29485.0,5411,
8485923,2010-09-08 02:44:00,758,5931,$7.62,Swipe Transaction,75936,Alhambra,CA,91801.0,5814,
22941030,2019-05-11 07:29:00,1966,2643,$3.36,Chip Transaction,50783,Piggott,AR,72454.0,5411,
12434096,2013-03-06 08:52:00,534,3986,$19.57,Swipe Transaction,83480,Ankeny,IA,50021.0,9402,
10130555,2011-09-29 13:32:00,534,3986,$69.90,Swipe Transaction,33125,Ankeny,IA,50021.0,5912,
17677702,2016-04-19 07:52:00,1046,9,$50.00,Chip Transaction,50867,Philadelphia,PA,19146.0,5541,
19272108,2017-03-25 06:56:00,1604,2950,$3.15,Online Transaction,85247,ONLINE,,,5815,
20266585,2017-10-21 10:41:00,1326,5561,$18.19,Chip Transaction,84184,Somerset,NJ,8873.0,5812,Bad PIN
18125196,2016-07-23 14:52:00,918,2734,$60.00,Chip Transaction,27092,Pottstown,PA,19465.0,4829,
16503044,2015-08-10 20:38:00,1703,2969,$82.95,Chip Transaction,82981,Grand Junction,CO,81506.0,5912,
19752789,2017-07-04 14:46:00,490,5963,$399.07,Chip Transaction,34598,Jourdanton,TX,78026.0,7995,
20466715,2017-12-02 15:19:00,22,4062,$16.26,Swipe Transaction,60569,Hyattsville,MD,20783.0,5300,
7913721,2010-04-21 12:08:00,261,30,$60.00,Swipe Transaction,27092,North Las Vegas,NV,89032.0,4829,
9010721,2011-01-11 12:01:00,1764,2118,$14.53,Swipe Transaction,5781,Grand Rapids,MI,49548.0,5921,
19479459,2017-05-07 22:34:00,550,3478,$2.53,Chip Transaction,59397,Port Orchard,WA,98366.0,5812,
23553554,2019-09-17 14:17:00,1133,195,$21.23,Chip Transaction,64432,North Chili,NY,14514.0,5813,
22623075,2019-03-04 17:26:00,144,4457,$130.70,Chip Transaction,87479,Hot Springs National Park,AR,71913.0,6300,
19532919,2017-05-19 08:57:00,987,4146,$15.26,Online Transaction,39021,ONLINE,,,4784,
16101937,2015-05-17 09:27:00,668,4318,$39.94,Chip Transaction,14962,Birmingham,AL,35211.0,5310,
21251426,2018-05-18 09:09:00,643,5597,$2.11,Chip Transaction,87252,Saint Albans,NY,11412.0,5310,
18424848,2016-09-25 14:48:00,1416,3779,$63.26,Chip Transaction,60569,Central Square,NY,13036.0,5300,
21521693,2018-07-14 12:45:00,1225,2338,$22.90,Chip Transaction,44523,San Rafael,CA,94901.0,7230,
15011008,2014-09-23 03:05:00,947,2620,$71.46,Swipe Transaction,67570,Brooklyn,NY,11234.0,5311,
14034956,2014-02-21 14:57:00,1891,5047,$44.72,Online Transaction,39021,ONLINE,,,4784,
20093821,2017-09-14 15:58:00,1874,2078,$15.78,Chip Transaction,75781,Miami,FL,33175.0,5411,
17931967,2016-06-12 12:46:00,659,5486,$14.30,Chip Transaction,37749,Mitchell,IN,47446.0,5812,
16857001,2015-10-25 16:22:00,970,1012,$5.46,Chip Transaction,83271,The Villages,FL,32162.0,4214,
22828567,2019-04-17 11:25:00,1913,5226,$16.76,Swipe Transaction,12936,Novi,MI,48375.0,5812,
12582719,2013-04-08 07:37:00,472,3811,$-53.00,Swipe Transaction,59935,Round Lake,IL,60073.0,5499,
16267010,2015-06-21 13:18:00,1837,259,$45.61,Chip Transaction,56259,Los Angeles,CA,90001.0,5300,
20758486,2018-02-02 12:49:00,369,2443,$9.22,Swipe Transaction,75936,Louisville,KY,40299.0,5814,
9213189,2011-02-28 11:29:00,285,2156,$11.78,Swipe Transaction,75936,Watsonville,CA,95076.0,5814,
18412502,2016-09-22 19:28:00,1909,5207,$120.00,Chip Transaction,27092,Los Angeles,CA,90011.0,4829,
19118645,2017-02-20 12:17:00,754,5450,$74.00,Chip Transaction,56431,Myrtle Beach,SC,29579.0,5541,
18530183,2016-10-18 06:42:00,46,3513,$8.95,Swipe Transaction,59935,Howard Beach,NY,11414.0,5499,
9311431,2011-03-23 12:41:00,1461,2886,$11.19,Swipe Transaction,39800,Brunswick,OH,44212.0,5411,
23635587,2019-10-05 06:28:00,1781,6018,$-97.00,Swipe Transaction,43293,Oriskany Falls,NY,13425.0,5499,
8970987,2011-01-02 00:45:00,1682,3408,$21.58,Swipe Transaction,72351,Bushkill,PA,18324.0,5541,
22822934,2019-04-16 06:56:00,52,4976,$28.62,Chip Transaction,12076,Pawling,NY,12564.0,5912,
9726020,2011-06-28 08:46:00,1269,4239,$1.92,Swipe Transaction,1903,Chicago,IL,60616.0,5812,
7943061,2010-04-28 16:48:00,1296,3708,$45.89,Swipe Transaction,69956,Maitland,FL,32751.0,5310,
18643331,2016-11-11 07:58:00,678,3577,$28.78,Chip Transaction,18215,Buffalo,NY,14217.0,5719,
23135125,2019-06-21 10:31:00,1285,3216,$211.27,Chip Transaction,62709,Annandale,VA,22003.0,5912,
11219597,2012-06-05 12:03:00,1475,4496,$4.12,Swipe Transaction,5408,Ewa Beach,HI,96706.0,5411,
14312022,2014-04-23 10:55:00,751,5552,$92.34,Swipe Transaction,34279,Gunter,TX,75058.0,5211,
20237339,2017-10-15 07:10:00,1493,3489,$69.91,Online Transaction,56276,ONLINE,,,4899,
15426134,2014-12-22 10:46:00,1198,2804,$3.91,Swipe Transaction,25887,Gonzales,TX,78629.0,5814,
19821812,2017-07-19 07:50:00,267,4411,$-56.00,Chip Transaction,61195,Orlando,FL,32835.0,5541,
8986047,2011-01-05 14:01:00,1895,1090,$18.97,Online Transaction,18563,ONLINE,,,4121,
22582285,2019-02-24 07:48:00,469,2619,$6.78,Swipe Transaction,20519,Corona,CA,92879.0,5942,
14118795,2014-03-11 17:35:00,1777,5014,$37.59,Online Transaction,18563,ONLINE,,,4121,
8401306,2010-08-18 14:04:00,123,197,$23.39,Swipe Transaction,62203,San Jose,Costa Rica,,5812,
11600210,2012-08-30 10:19:00,1519,4210,$2.53,Swipe Transaction,58577,Laurel,MT,59044.0,5411,
20203960,2017-10-07 23:26:00,1915,4116,$307.00,Online Transaction,70268,ONLINE,,,4722,
21879984,2018-09-28 10:14:00,1100,5079,$1045.18,Chip Transaction,46593,Levittown,NY,11756.0,8111,
22429023,2019-01-22 15:43:00,1224,3874,$3.09,Swipe Transaction,93574,College Park,MD,20740.0,5310,
17292801,2016-01-26 15:48:00,799,2284,$92.29,Chip Transaction,48919,Buffalo,NY,14213.0,5311,
11678785,2012-09-16 22:13:00,592,2022,$1.43,Swipe Transaction,14528,Asheville,NC,28801.0,5499,
7685840,2010-02-23 11:22:00,1776,4938,$0.21,Swipe Transaction,73840,Nashport,OH,43830.0,5912,
9558594,2011-05-20 07:55:00,113,3705,$129.47,Swipe Transaction,22204,North Richland Hills,TX,76180.0,5541,
21737662,2018-08-29 08:08:00,1070,4138,$11.23,Online Transaction,47399,ONLINE,,,5815,
10458416,2011-12-14 05:10:00,1957,5483,$47.23,Swipe Transaction,10820,Woodland Hills,CA,91364.0,5300,
17491632,2016-03-10 08:03:00,1646,2276,$16.68,Chip Transaction,67570,Mc Kees Rocks,PA,15136.0,5311,
8983332,2011-01-04 22:21:00,1603,5981,$17.20,Swipe Transaction,91264,Grace,ID,83241.0,5814,
22695372,2019-03-20 06:39:00,1687,2509,$15.42,Online Transaction,18563,ONLINE,,,4121,
12085958,2012-12-18 06:57:00,557,5570,$2.08,Swipe Transaction,78454,Inglewood,CA,90303.0,5812,
9654702,2011-06-11 16:14:00,17,4787,$5.42,Swipe Transaction,81833,Hickory,NC,28602.0,5912,
7838657,2010-04-02 16:55:00,1192,1211,$36.84,Swipe Transaction,45926,Nerstrand,MN,55053.0,5814,
19917389,2017-08-08 11:48:00,1266,2478,$40.00,Chip Transaction,27092,Bel Air,MD,21014.0,4829,
12689777,2013-05-02 03:23:00,1063,2015,$14.40,Swipe Transaction,81833,South Beloit,IL,61080.0,5912,
10904449,2012-03-25 15:32:00,714,2616,$27.45,Swipe Transaction,84227,West Linn,OR,97068.0,7349,
20531907,2017-12-16 12:59:00,468,5532,$6.37,Chip Transaction,43293,Iowa City,IA,52240.0,5499,
12513240,2013-03-23 16:55:00,1897,3690,$21.31,Online Transaction,39021,ONLINE,,,4784,
20174768,2017-10-01 20:30:00,1300,156,$17.75,Chip Transaction,18215,Foreman,AR,71836.0,5719,
21610223,2018-08-02 08:23:00,1295,3318,$10.23,Chip Transaction,76561,Duluth,MN,55807.0,5300,
21914108,2018-10-05 14:08:00,1820,2339,$75.03,Swipe Transaction,19964,Miami,FL,33175.0,5311,
9821808,2011-07-20 10:22:00,1459,177,$91.00,Swipe Transaction,50867,Albuquerque,NM,87121.0,5541,
8112606,2010-06-09 13:34:00,1240,3876,$36.88,Swipe Transaction,16973,Coshocton,OH,43812.0,5300,
18127978,2016-07-24 08:59:00,1127,4605,$18.16,Chip Transaction,68438,Naples,FL,34104.0,5411,
15069988,2014-10-05 17:15:00,1687,2509,$19.54,Online Transaction,16798,ONLINE,,,4121,
13568227,2013-11-11 08:58:00,450,5176,$1.81,Swipe Transaction,75936,Newport News,VA,23602.0,5814,
21581419,2018-07-27 06:52:00,1979,2812,$-55.00,Chip Transaction,59935,Boca Raton,FL,33496.0,5499,
16131602,2015-05-23 14:44:00,1240,1295,$39.27,Chip Transaction,11468,Cleveland,OH,44124.0,5970,
16761587,2015-10-05 10:18:00,1686,2999,$207.40,Chip Transaction,97235,Lafayette,CO,80026.0,8043,
17990478,2016-06-24 20:52:00,1967,5088,$11.62,Swipe Transaction,8594,Lake Forest,CA,92630.0,5921,
23399312,2019-08-16 01:24:00,1972,5539,$16.38,Chip Transaction,72641,Cleveland,OH,44104.0,5813,
9706037,2011-06-23 12:36:00,849,3477,$37.19,Swipe Transaction,67136,Philadelphia,PA,19116.0,8021,
11799626,2012-10-14 09:02:00,985,2704,$13.59,Swipe Transaction,32175,Fenton,MI,48430.0,7538,
19065903,2017-02-09 08:17:00,1315,5434,$1.79,Chip Transaction,14528,Louisville,IL,62858.0,5499,
11152080,2012-05-21 07:34:00,1424,3046,$89.00,Swipe Transaction,26810,Sedona,AZ,86351.0,5541,
10567973,2012-01-07 22:08:00,469,2619,$7.50,Swipe Transaction,50783,Placentia,CA,92870.0,5411,
13566400,2013-11-10 18:33:00,34,1166,$185.16,Swipe Transaction,49789,Sacramento,CA,95829.0,5541,
19084386,2017-02-13 06:44:00,1785,2544,$33.26,Swipe Transaction,50783,Brownsville,TX,78520.0,5411,
10180769,2011-10-11 08:23:00,779,2069,$84.77,Swipe Transaction,20561,Pottsboro,TX,75076.0,5912,
12767053,2013-05-19 05:29:00,375,2608,$9.30,Swipe Transaction,91150,Conover,NC,28613.0,7542,
10470096,2011-12-16 14:31:00,247,2179,$-429.00,Swipe Transaction,7777,Maple Valley,WA,98038.0,3684,
8503890,2010-09-12 11:12:00,1551,2537,$20.54,Swipe Transaction,74253,Mattapan,MA,2126.0,5813,
20467378,2017-12-02 17:46:00,171,1239,$50.09,Chip Transaction,75936,Greenville,SC,29607.0,5814,
9017187,2011-01-12 22:42:00,1699,4245,$69.22,Swipe Transaction,23481,San Jose,CA,95135.0,5812,
11553322,2012-08-19 15:39:00,1034,2853,$20.44,Swipe Transaction,60569,Salisbury,NC,28146.0,5300,
17192387,2016-01-05 08:52:00,1296,67,$19.42,Chip Transaction,14636,Longwood,FL,32750.0,4121,
7943736,2010-04-28 21:47:00,860,5412,$54.27,Swipe Transaction,98648,Silver Spring,MD,20901.0,5814,
9867562,2011-07-30 23:02:00,1992,1132,$41.25,Swipe Transaction,32361,Parma,MO,63870.0,5411,
14210789,2014-04-01 06:16:00,81,2962,$2.46,Swipe Transaction,620,Seguin,TX,78155.0,5411,
9176905,2011-02-19 17:37:00,1302,5632,$56.00,Swipe Transaction,41548,Jefferson,NC,28640.0,5300,
11724306,2012-09-27 09:26:00,248,4932,$34.87,Swipe Transaction,20561,Tampa,FL,33610.0,5912,Insufficient Balance
11300184,2012-06-23 11:34:00,1873,4741,$60.37,Online Transaction,41122,ONLINE,,,4784,
13559730,2013-11-09 11:21:00,1507,5589,$148.12,Online Transaction,76210,ONLINE,,,5732,
11147377,2012-05-19 22:40:00,156,5438,$24.49,Swipe Transaction,53835,Fontana,CA,92335.0,5912,
10328906,2011-11-14 09:02:00,1753,5634,$63.63,Swipe Transaction,60569,Columbia,MS,39429.0,5300,
8851119,2010-12-04 16:48:00,1258,5951,$15.33,Swipe Transaction,46284,Monterey Park,CA,91754.0,5411,
15821183,2015-03-17 15:38:00,1604,1095,$88.00,Chip Transaction,59935,Batesville,MS,38606.0,5499,
13351088,2013-09-24 11:59:00,16,2080,$13.59,Swipe Transaction,75781,Monroe,NY,10950.0,5411,
23287882,2019-07-23 12:30:00,301,3742,$115.19,Chip Transaction,61195,Canton,GA,30114.0,5541,
23050975,2019-06-03 12:30:00,1963,5418,$25.00,Swipe Transaction,88852,Vacaville,CA,95687.0,4121,
21326151,2018-06-03 07:29:00,1969,4934,$1.68,Chip Transaction,88646,Bradenton,FL,34212.0,5812,
9183244,2011-02-21 10:46:00,592,4133,$80.00,Swipe Transaction,27092,Hendersonville,NC,28792.0,4829,
19175556,2017-03-04 11:34:00,1433,5841,$19.51,Swipe Transaction,75804,Mobile,AL,36695.0,5411,
7930160,2010-04-25 14:13:00,1171,4213,$99.28,Swipe Transaction,57523,Kailua,HI,96734.0,5300,
15097478,2014-10-11 16:53:00,1901,2158,$-94.00,Swipe Transaction,43293,Saint Johns,MI,48879.0,5499,
9571941,2011-05-23 11:30:00,1638,3856,$69.04,Swipe Transaction,71667,Lakeville,MN,55044.0,7538,Insufficient Balance
16292428,2015-06-27 02:07:00,1097,4690,$100.00,Chip Transaction,27092,Grand Rapids,MI,49548.0,4829,
22833499,2019-04-18 11:21:00,285,2156,$7.56,Chip Transaction,59397,Watsonville,CA,95076.0,5812,
16245217,2015-06-16 18:55:00,526,5204,$17.73,Chip Transaction,43555,Miami,FL,33134.0,7542,
14227975,2014-04-04 20:42:00,1678,3435,$11.99,Swipe Transaction,83480,Wethersfield,CT,6109.0,9402,
17271798,2016-01-22 07:50:00,556,2,$0.43,Swipe Transaction,14528,Barberton,OH,44203.0,5499,
20955288,2018-03-16 11:37:00,938,231,$8.17,Chip Transaction,22938,Gardner,KS,66030.0,5812,
10166217,2011-10-07 16:15:00,1786,2250,$42.12,Swipe Transaction,69956,Massillon,OH,44646.0,5310,
14966173,2014-09-13 09:38:00,1463,5245,$8.46,Swipe Transaction,22204,High Falls,NY,12440.0,5541,
9041079,2011-01-18 15:06:00,286,4782,$-87.00,Swipe Transaction,43293,Mc Lain,MS,39456.0,5499,
16487020,2015-08-07 13:07:00,751,5552,$120.00,Chip Transaction,27092,Irving,TX,75060.0,4829,
10483977,2011-12-19 19:58:00,1888,1169,$81.75,Swipe Transaction,59935,Philadelphia,PA,19130.0,5499,
14698513,2014-07-16 23:52:00,1145,6011,$19.87,Online Transaction,18563,ONLINE,,,4121,
9697360,2011-06-21 13:31:00,1135,5184,$105.64,Swipe Transaction,60569,Torrance,CA,90503.0,5300,
16179410,2015-06-02 16:30:00,149,3590,$14.59,Chip Transaction,81536,San Diego,CA,92127.0,5310,
11112855,2012-05-12 08:32:00,464,3233,$1.48,Swipe Transaction,14528,Orlando,FL,32808.0,5499,
11114769,2012-05-12 14:48:00,678,1300,$41.80,Swipe Transaction,44919,Buffalo,NY,14215.0,5814,
11084565,2012-05-05 15:47:00,1082,3308,$23.47,Swipe Transaction,83271,Fresno,CA,93702.0,4214,
10697199,2012-02-06 13:47:00,866,2110,$1.16,Online Transaction,39261,ONLINE,,,5815,
10328793,2011-11-14 08:39:00,671,5592,$-80.00,Swipe Transaction,59935,Blytheville,AR,72315.0,5499,
13384542,2013-10-01 19:06:00,534,3986,$15.10,Swipe Transaction,30055,Lexington,SC,29073.0,7832,
14740645,2014-07-26 08:19:00,1024,3564,$4.51,Swipe Transaction,95726,Shawnee,KS,66226.0,5411,
9577592,2011-05-24 15:34:00,1156,12,$303.33,Swipe Transaction,34706,Short Hills,NJ,7078.0,4900,
18262250,2016-08-21 19:33:00,1138,5292,$51.07,Chip Transaction,68751,Trussville,AL,35173.0,5651,
12754870,2013-05-16 11:26:00,1962,3798,$29.68,Swipe Transaction,31619,Willowbrook,IL,60527.0,5411,
10934710,2012-04-01 13:57:00,992,3108,$35.35,Swipe Transaction,18429,Chesterfield,VA,23832.0,5912,
17449771,2016-03-01 08:40:00,427,4819,$3.33,Chip Transaction,83318,Cookeville,TN,38501.0,5411,
15382364,2014-12-12 22:03:00,469,2619,$10.49,Swipe Transaction,61195,Placentia,CA,92870.0,5541,
23373882,2019-08-10 13:22:00,1788,2700,$8.28,Chip Transaction,78454,Philadelphia,PA,19119.0,5812,
16684339,2015-09-18 19:26:00,1898,4543,$78.93,Swipe Transaction,46965,Montgomery,AL,36106.0,7538,
18652954,2016-11-13 10:23:00,1853,1034,$16.30,Swipe Transaction,50783,Savannah,MO,64485.0,5411,
15326534,2014-11-30 16:00:00,1720,2492,$40.09,Online Transaction,88459,ONLINE,,,5311,
10108836,2011-09-24 13:30:00,55,5865,$2.12,Swipe Transaction,14528,Richmond,CA,94804.0,5499,
21591894,2018-07-29 09:04:00,1234,22,$16.10,Swipe Transaction,14300,Houston,TX,77058.0,4121,
21536689,2018-07-17 17:07:00,1897,4948,$24.55,Online Transaction,39021,ONLINE,,,4784,
19510103,2017-05-14 12:32:00,235,1333,$1.18,Chip Transaction,50783,New York,NY,10026.0,5411,
9718084,2011-06-26 11:36:00,1022,2504,$80.00,Swipe Transaction,27092,Charlotte,NC,28206.0,4829,
14618082,2014-06-29 10:59:00,573,3268,$47.28,Swipe Transaction,75430,Lincolnton,GA,30817.0,7230,
7577983,2010-01-27 09:20:00,1629,4290,$21.80,Online Transaction,50404,ONLINE,,,4784,
13058912,2013-07-22 07:01:00,1484,2527,$0.44,Swipe Transaction,44118,Tucson,AZ,85749.0,5411,
14069572,2014-03-01 07:45:00,811,2318,$46.41,Swipe Transaction,11468,Derby,KS,67037.0,5970,
18629512,2016-11-08 09:23:00,1194,4614,$30.54,Online Transaction,39021,ONLINE,,,4784,
19943293,2017-08-13 19:23:00,1301,3136,$533.42,Swipe Transaction,44795,Marysville,OH,43040.0,3780,
8794462,2010-11-21 07:54:00,1147,2042,$16.70,Swipe Transaction,22204,Whitehouse Station,NJ,8889.0,5541,
9697992,2011-06-21 15:45:00,1604,2950,$-53.00,Swipe Transaction,59935,Batesville,MS,38606.0,5499,
13017934,2013-07-13 08:50:00,1258,5951,$13.44,Swipe Transaction,52343,Mira Loma,CA,91752.0,5411,
14534252,2014-06-11 04:25:00,1992,5476,$6.05,Swipe Transaction,48919,Belton,MO,64012.0,5311,
10714805,2012-02-10 12:12:00,1114,4325,$125.80,Online Transaction,96529,ONLINE,,,4899,
8654208,2010-10-18 12:51:00,1422,4983,$2.57,Swipe Transaction,20519,Chapel Hill,NC,27517.0,5942,
21126355,2018-04-21 14:15:00,285,2156,$19.07,Chip Transaction,24823,Watsonville,CA,95076.0,7538,
13031828,2013-07-16 07:52:00,1735,3336,$4.47,Swipe Transaction,85792,Camp Hill,PA,17011.0,5411,
21623422,2018-08-04 21:58:00,1654,4276,$101.13,Swipe Transaction,67570,Newport,RI,2840.0,5311,
7974233,2010-05-06 12:54:00,1668,4185,$106.05,Swipe Transaction,75781,Dover,NH,3820.0,5411,
13707737,2013-12-12 06:11:00,634,3375,$4.29,Swipe Transaction,43293,Independence,OH,44131.0,5499,
15420907,2014-12-21 09:06:00,1785,2544,$3.17,Swipe Transaction,80780,Brownsville,TX,78520.0,5813,
18148908,2016-07-28 13:19:00,702,4096,$8.07,Swipe Transaction,59397,Gansevoort,NY,12831.0,5812,
19795598,2017-07-13 13:52:00,55,5865,$2.27,Chip Transaction,14528,Richmond,CA,94804.0,5499,
12024395,2012-12-04 08:02:00,1416,3254,$4.94,Swipe Transaction,20519,Dryden,NY,13053.0,5942,
22222167,2018-12-09 17:58:00,366,2934,$25.38,Online Transaction,18563,ONLINE,,,4121,
17334928,2016-02-04 14:52:00,1717,2652,$41.20,Online Transaction,39021,ONLINE,,,4784,
15922628,2015-04-08 12:28:00,1475,3746,$5.82,Swipe Transaction,5408,Ewa Beach,HI,96706.0,5411,
8289770,2010-07-22 15:30:00,1240,3876,$0.00,Swipe Transaction,27092,Saint Clairsville,OH,43950.0,4829,
15132934,2014-10-19 12:42:00,480,2929,$52.42,Online Transaction,15143,ONLINE,,,4784,
12824464,2013-05-31 16:23:00,1988,3100,$101.29,Swipe Transaction,32175,Miami,FL,33158.0,7538,
14502889,2014-06-04 08:31:00,863,4861,$100.00,Swipe Transaction,27092,Fort Smith,AR,72903.0,4829,
18592045,2016-10-31 10:05:00,1516,1002,$24.45,Chip Transaction,67570,Santa Cruz,CA,95060.0,5311,
15190095,2014-11-01 07:31:00,1324,3054,$-61.00,Swipe Transaction,61195,Sarasota,FL,34232.0,5541,
14338184,2014-04-29 04:22:00,580,2724,$-249.00,Swipe Transaction,59474,Indianapolis,IN,46205.0,3722,
17639978,2016-04-11 07:18:00,1237,5300,$1.41,Chip Transaction,86438,Waukegan,IL,60085.0,5499,
22967166,2019-05-16 16:50:00,1992,1132,$0.39,Chip Transaction,14528,Poplar Bluff,MO,63901.0,5499,
9054056,2011-01-21 14:57:00,1834,1119,$60.00,Swipe Transaction,27092,Abilene,TX,79605.0,4829,
11149725,2012-05-20 13:58:00,1195,3219,$77.87,Swipe Transaction,72841,Rochester,MN,55904.0,7538,
22453762,2019-01-27 20:19:00,734,1252,$6.91,Swipe Transaction,22204,Buffalo,NY,14211.0,5541,
21292577,2018-05-27 02:37:00,1776,4938,$235.00,Swipe Transaction,59474,Alba,TX,75410.0,3722,
15115240,2014-10-15 14:37:00,1397,2957,$-83.00,Swipe Transaction,59935,Pryor,OK,74361.0,5499,
8625687,2010-10-11 14:14:00,1941,1109,$88.00,Swipe Transaction,26810,Campbell,TX,75422.0,5541,
11147548,2012-05-20 01:38:00,986,263,$1.72,Swipe Transaction,14528,Garden City,NY,11530.0,5499,
15430325,2014-12-23 08:44:00,1944,1059,$42.02,Online Transaction,34256,ONLINE,,,7393,
21747795,2018-08-31 09:15:00,1629,4290,$24.72,Online Transaction,39021,ONLINE,,,4784,
23492226,2019-09-04 16:00:00,565,4071,$6.83,Swipe Transaction,20561,Carrollton,TX,75006.0,5912,
11378798,2012-07-11 08:05:00,300,3814,$0.18,Swipe Transaction,43293,Monroe,CT,6468.0,5499,
18925123,2017-01-10 09:35:00,1733,5013,$3.98,Swipe Transaction,59935,Barbourville,KY,40906.0,5499,
12629578,2013-04-18 14:25:00,868,322,$80.00,Swipe Transaction,27092,Oklahoma City,OK,73112.0,4829,
21685454,2018-08-18 07:07:00,467,3914,$-67.00,Chip Transaction,30928,Chattanooga,TN,37415.0,5541,
15388374,2014-12-14 08:44:00,1513,3933,$104.63,Swipe Transaction,86313,Shelton,CT,6484.0,5300,
12021431,2012-12-03 13:03:00,47,4952,$36.19,Swipe Transaction,34894,Bronx,NY,10456.0,5651,
14723871,2014-07-22 12:07:00,1771,5937,$3.33,Swipe Transaction,50783,Somerset,CA,95684.0,5411,
8271074,2010-07-18 09:32:00,699,4283,$2.53,Swipe Transaction,75938,Riverside,IA,52327.0,5411,
15369648,2014-12-10 05:44:00,811,4358,$43.42,Swipe Transaction,79927,Overland Park,KS,66221.0,5912,
23442755,2019-08-25 07:24:00,723,232,$7.97,Chip Transaction,65670,Houston,TX,77015.0,5300,
23083159,2019-06-10 09:38:00,1733,5013,$2.67,Chip Transaction,76040,Chicago,IL,60612.0,5411,
10731403,2012-02-14 10:21:00,1208,1170,$48.46,Online Transaction,39021,ONLINE,,,4784,
14721418,2014-07-21 21:29:00,1168,3239,$37.84,Online Transaction,39021,ONLINE,,,4784,
11792117,2012-10-12 13:15:00,1873,4110,$14.16,Swipe Transaction,75936,El Paso,TX,79902.0,5814,
14565188,2014-06-17 17:44:00,1077,214,$39.08,Swipe Transaction,59397,Arcata,CA,95518.0,5812,
23418640,2019-08-20 01:17:00,147,2634,$105.83,Chip Transaction,32514,Montgomery,AL,36117.0,5300,
22357441,2019-01-07 12:15:00,1600,5050,$18.56,Chip Transaction,91264,Manson,WA,98831.0,5814,
9104616,2011-02-02 14:54:00,1903,2973,$29.30,Swipe Transaction,46656,Seattle,WA,98117.0,4121,
15878448,2015-03-30 06:30:00,1788,2538,$4.59,Chip Transaction,44036,Raceland,LA,70394.0,5411,
12650669,2013-04-23 08:28:00,1490,5950,$111.10,Swipe Transaction,75781,Commerce City,CO,80022.0,5411,
10633221,2012-01-22 21:10:00,250,4740,$39.98,Swipe Transaction,43293,Lebanon,OR,97355.0,5499,
14199116,2014-03-29 13:16:00,1971,3293,$-67.00,Swipe Transaction,61195,Oswego,NY,13126.0,5541,
12105716,2012-12-22 11:30:00,400,3776,$44.38,Swipe Transaction,20561,Panama City,FL,32409.0,5912,
7964253,2010-05-04 07:16:00,1783,10,$8.52,Swipe Transaction,20993,Oakland,CA,94606.0,5921,
10752264,2012-02-18 20:58:00,1636,2930,$43.00,Swipe Transaction,60569,Nevada,MO,64772.0,5300,
8556583,2010-09-24 23:26:00,100,5000,$96.31,Swipe Transaction,762,High Point,NC,27265.0,5300,
10302916,2011-11-08 09:41:00,1245,5347,$2.73,Swipe Transaction,51350,Orlando,FL,32819.0,5812,
9950433,2011-08-19 03:16:00,1909,5640,$1.67,Swipe Transaction,75781,Los Angeles,CA,90008.0,5411,
16638869,2015-09-08 22:54:00,1718,2732,$774.71,Chip Transaction,5594,Garden Grove,CA,92840.0,3001,
9719783,2011-06-26 18:02:00,1091,3334,$101.07,Swipe Transaction,59935,Baltimore,MD,21224.0,5499,
16942511,2015-11-13 07:40:00,1511,3357,$3.36,Chip Transaction,5154,Madison,WI,53716.0,5812,
16837542,2015-10-21 12:56:00,461,5482,$8.07,Swipe Transaction,50783,Southgate,MI,48195.0,5411,
11935021,2012-11-13 22:09:00,1148,3128,$43.40,Swipe Transaction,69972,Philadelphia,PA,19145.0,5814,
14943174,2014-09-08 08:08:00,59,5195,$1.95,Swipe Transaction,50026,Silver City,NM,88062.0,5411,
15564817,2015-01-21 07:05:00,1989,2984,$25.81,Chip Transaction,11429,Upper Marlboro,MD,20774.0,5411,
15511914,2015-01-09 18:12:00,1558,4747,$64.75,Online Transaction,39021,ONLINE,,,4784,
21277174,2018-05-23 17:45:00,655,4134,$20.00,Chip Transaction,27092,Madison,OH,44057.0,4829,
23545861,2019-09-15 21:29:00,1067,4387,$56.85,Chip Transaction,92191,Derby,KS,67037.0,7538,
9072235,2011-01-26 02:10:00,474,3844,$86.05,Swipe Transaction,25857,Williston Park,NY,11596.0,5812,
17542166,2016-03-21 07:20:00,758,5931,$55.89,Chip Transaction,61195,Alhambra,CA,91801.0,5541,
22663259,2019-03-13 11:08:00,51,6031,$12.42,Chip Transaction,75936,Hendersonville,TN,37075.0,5814,
7766351,2010-03-15 15:28:00,1735,3336,$98.13,Swipe Transaction,50783,Vero Beach,FL,32967.0,5411,
15552971,2015-01-18 13:53:00,972,4166,$33.57,Swipe Transaction,22204,El Paso,TX,79912.0,5541,
22667494,2019-03-14 09:26:00,1931,3530,$151.65,Chip Transaction,36673,Arlington,MA,2476.0,5300,
12732229,2013-05-11 10:34:00,338,5671,$80.35,Swipe Transaction,26810,Elma,NY,14059.0,5541,
12710339,2013-05-06 12:20:00,140,152,$155.36,Swipe Transaction,50783,Nashville,TN,37204.0,5411,
17515686,2016-03-15 10:49:00,1237,3372,$12.34,Chip Transaction,37612,Waukegan,IL,60085.0,5411,
19924400,2017-08-09 19:09:00,675,5261,$31.66,Chip Transaction,81833,Shippensburg,PA,17257.0,5912,
17086505,2015-12-13 17:21:00,1777,2267,$37.96,Chip Transaction,35315,Annandale,VA,22003.0,4121,
23047283,2019-06-02 16:08:00,287,3527,$1.72,Chip Transaction,14528,Hull,TX,77564.0,5499,
9789612,2011-07-12 21:53:00,525,6004,$34.91,Swipe Transaction,317,Mokelumne Hill,CA,95245.0,5812,
16880436,2015-10-30 19:03:00,414,2815,$124.14,Chip Transaction,30907,Morristown,NJ,7960.0,5812,
14786509,2014-08-05 07:50:00,1219,3466,$1.23,Swipe Transaction,60569,Frederick,MD,21701.0,5300,
22412640,2019-01-19 09:01:00,1523,4061,$60.00,Chip Transaction,27092,Greensboro,NC,27409.0,4829,
17299714,2016-01-28 07:43:00,472,3811,$78.00,Chip Transaction,59935,Round Lake,IL,60073.0,5499,
20290684,2017-10-26 12:34:00,1503,5350,$18.26,Chip Transaction,86616,Montgomery,AL,36117.0,4814,
22495554,2019-02-05 18:47:00,447,2142,$0.00,Chip Transaction,27092,Grand Rapids,MI,49548.0,4829,
8307034,2010-07-26 21:31:00,630,2059,$12.01,Swipe Transaction,24639,Douglas,GA,31533.0,5411,
18373534,2016-09-14 13:33:00,1300,156,$4.72,Chip Transaction,98648,Oakdale,LA,71463.0,5814,
17770740,2016-05-09 07:28:00,684,6022,$0.29,Swipe Transaction,50783,Fort Lauderdale,FL,33319.0,5411,
20273644,2017-10-22 21:30:00,1444,5118,$15.16,Swipe Transaction,56764,Oceanside,NY,11572.0,5300,
14608421,2014-06-27 10:18:00,1514,78,$2.24,Swipe Transaction,46284,North Ridgeville,OH,44039.0,5411,
22259113,2018-12-17 16:46:00,1901,3846,$36.10,Swipe Transaction,43293,Saint Johns,MI,48879.0,5499,
15266050,2014-11-17 14:05:00,490,176,$380.83,Online Transaction,38958,ONLINE,,,7801,
11507951,2012-08-09 10:51:00,98,4143,$60.00,Swipe Transaction,27092,Belleville,IL,62221.0,4829,
14779522,2014-08-03 15:27:00,373,5389,$61.96,Swipe Transaction,22204,Huntington,IN,46750.0,5541,
19416097,2017-04-24 15:03:00,1896,1124,$23.98,Swipe Transaction,64656,Monroe,MI,48161.0,5921,
20776258,2018-02-06 10:58:00,178,4261,$88.19,Chip Transaction,96049,Verona,MO,65769.0,5541,
9795988,2011-07-14 10:27:00,1687,2509,$9.89,Swipe Transaction,61195,Albuquerque,NM,87120.0,5541,
23436037,2019-08-23 16:17:00,1202,2885,$9.58,Chip Transaction,14538,Chicago,IL,60657.0,5300,
11782801,2012-10-10 12:38:00,1467,3556,$1.57,Swipe Transaction,14528,Troy,MI,48084.0,5499,
23596813,2019-09-26 18:48:00,637,2981,$32.18,Online Transaction,39021,ONLINE,,,4784,
8921622,2010-12-21 11:19:00,1660,4223,$51.00,Swipe Transaction,68671,Bartlesville,OK,74006.0,5541,
21332262,2018-06-04 12:28:00,53,3267,$85.00,Chip Transaction,61195,Sutter Creek,CA,95685.0,5541,
13632461,2013-11-25 11:14:00,1967,5088,$142.66,Swipe Transaction,58112,Lake Forest,CA,92630.0,8021,
20058582,2017-09-07 08:36:00,1164,5757,$4.01,Chip Transaction,28939,San Francisco,CA,94117.0,5411,
8023399,2010-05-18 14:41:00,450,5176,$64.16,Swipe Transaction,20561,Newport News,VA,23602.0,5912,
14374676,2014-05-07 03:59:00,702,2258,$94.28,Swipe Transaction,60989,Huntington Station,NY,11746.0,5912,
20854805,2018-02-23 07:00:00,277,5362,$-58.00,Chip Transaction,61195,Grenada,MS,38901.0,5541,
22967295,2019-05-16 17:30:00,946,5297,$85.91,Chip Transaction,60569,Johnsonburg,PA,15845.0,5300,
16047531,2015-05-05 12:10:00,763,4993,$149.40,Chip Transaction,60569,Philadelphia,PA,19124.0,5300,
21355880,2018-06-09 11:38:00,814,4536,$15.54,Chip Transaction,70495,Palm Bay,FL,32905.0,7210,
10584549,2012-01-11 17:35:00,366,4812,$29.20,Online Transaction,18563,ONLINE,,,4121,
22311321,2018-12-28 15:39:00,1799,5909,$4.65,Chip Transaction,20519,Seattle,WA,98103.0,5942,
11515420,2012-08-11 04:11:00,1490,5950,$46.99,Swipe Transaction,36934,Commerce City,CO,80022.0,7538,
23438673,2019-08-24 09:36:00,1452,3801,$86.16,Swipe Transaction,24823,Houston,TX,77056.0,7538,
21366921,2018-06-11 18:28:00,1777,4557,$23.05,Chip Transaction,89234,Annandale,VA,22003.0,5211,
20584610,2017-12-27 15:38:00,1843,4553,$31.60,Chip Transaction,48919,Chicago Heights,IL,60411.0,5311,
13114624,2013-08-03 11:18:00,1972,2466,$8.32,Swipe Transaction,91886,Cleveland,OH,44104.0,5411,
16861777,2015-10-26 16:31:00,1901,3846,$129.27,Swipe Transaction,49789,Rosebush,MI,48878.0,5541,
22846744,2019-04-21 07:02:00,746,3492,$23.99,Chip Transaction,19964,Brooklyn,NY,11213.0,5311,
20519115,2017-12-13 19:36:00,1416,3204,$39.83,Chip Transaction,69972,Camillus,NY,13031.0,5814,
22677834,2019-03-16 11:21:00,520,3948,$15.16,Swipe Transaction,39855,Douglassville,PA,19518.0,5411,
8282343,2010-07-20 22:59:00,1451,5530,$54.29,Swipe Transaction,25887,Revere,MA,2151.0,5814,
22952149,2019-05-13 11:52:00,1703,2969,$52.67,Chip Transaction,18215,Silt,CO,81652.0,5719,
19675799,2017-06-18 11:56:00,872,4132,$49.07,Online Transaction,73186,ONLINE,,,4814,
20929515,2018-03-10 20:02:00,1654,2915,$218.00,Chip Transaction,47031,Pomona,NJ,8240.0,7011,
22301242,2018-12-26 14:31:00,1251,5156,$17.72,Online Transaction,15143,ONLINE,,,4784,
21450955,2018-06-29 14:17:00,846,221,$51.57,Chip Transaction,32175,Omaha,NE,68137.0,7538,
17058146,2015-12-07 16:56:00,1246,5023,$40.00,Chip Transaction,27092,Mobile,AL,36695.0,4829,
13716446,2013-12-13 21:37:00,676,3910,$1.86,Swipe Transaction,14528,The Colony,TX,75056.0,5499,
12209242,2013-01-14 14:40:00,1243,3884,$108.02,Swipe Transaction,38503,Harrisburg,PA,17113.0,5411,
12601365,2013-04-12 10:30:00,1385,5568,$8.54,Swipe Transaction,64918,Minneapolis,MN,55419.0,5921,
23617546,2019-10-01 08:14:00,1528,4805,$8.12,Chip Transaction,81833,Minden,LA,71055.0,5912,
12609863,2013-04-14 08:03:00,127,988,$138.37,Swipe Transaction,20561,Prattville,AL,36066.0,5912,
13269006,2013-09-06 10:49:00,1575,5582,$11.03,Swipe Transaction,35451,Sarasota,FL,34231.0,5812,
10183045,2011-10-11 15:47:00,480,2929,$259.06,Swipe Transaction,30286,Oakland,CA,94601.0,4814,
7688546,2010-02-24 06:38:00,573,3268,$-86.00,Swipe Transaction,59935,Waynesboro,GA,30830.0,5499,
13645992,2013-11-28 12:14:00,1793,290,$17.97,Swipe Transaction,32175,Horn Lake,MS,38637.0,7538,Insufficient Balance
18503185,2016-10-12 09:38:00,421,2177,$1.21,Chip Transaction,14528,Cedar Rapids,IA,52405.0,5499,
23509933,2019-09-08 10:22:00,1140,2195,$9.86,Chip Transaction,20519,Prairie Village,KS,66208.0,5942,
15839625,2015-03-21 16:26:00,1253,5691,$26.17,Chip Transaction,18215,Yarmouth Port,MA,2675.0,5719,
21602854,2018-07-31 15:35:00,774,4362,$66.00,Chip Transaction,43293,Twin Falls,ID,83301.0,5499,
13016026,2013-07-12 18:08:00,94,2890,$31.11,Online Transaction,39021,ONLINE,,,4784,Bad Card Number
21698775,2018-08-20 22:07:00,1187,91,$1.68,Chip Transaction,14528,Mosinee,WI,54455.0,5499,
17216394,2016-01-10 12:06:00,760,4379,$18.21,Online Transaction,47399,ONLINE,,,5815,
9790246,2011-07-13 06:42:00,1131,3093,$120.00,Swipe Transaction,27092,Spring Hill,KS,66083.0,4829,
8326465,2010-07-31 16:25:00,200,2875,$10.90,Swipe Transaction,38812,Prichard,WV,25555.0,7542,
12033828,2012-12-06 09:06:00,573,3268,$1.33,Swipe Transaction,86438,Thomson,GA,30824.0,5499,
17309686,2016-01-30 11:02:00,1777,4557,$3.62,Chip Transaction,75936,Reva,VA,22735.0,5814,
9624280,2011-06-04 15:12:00,1662,2675,$186.13,Swipe Transaction,11849,Belleville,IL,62221.0,5912,
11821768,2012-10-19 09:05:00,1170,4353,$2.24,Swipe Transaction,45926,Mount Pleasant,NC,28124.0,5814,
14820673,2014-08-12 13:30:00,1163,4236,$174.28,Swipe Transaction,67570,Spring,TX,77373.0,5311,
10146091,2011-10-03 08:18:00,1931,3530,$70.84,Swipe Transaction,50783,Wellesley,MA,2482.0,5411,
14397473,2014-05-12 07:03:00,1295,3318,$14.41,Swipe Transaction,1605,Duluth,MN,55807.0,5310,
9837639,2011-07-24 05:11:00,630,2059,$80.00,Swipe Transaction,27092,Jacksonville,FL,32221.0,4829,
14631347,2014-07-02 09:10:00,173,3916,$28.17,Swipe Transaction,94123,Andrews,TX,79714.0,5310,
14379936,2014-05-08 10:30:00,180,5453,$15.13,Swipe Transaction,2358,Glendale,AZ,85301.0,7210,
13021939,2013-07-14 06:32:00,1979,2548,$63.00,Swipe Transaction,59935,Boca Raton,FL,33496.0,5499,
10152628,2011-10-04 14:38:00,828,4235,$23.80,Online Transaction,16798,ONLINE,,,4121,
12349786,2013-02-15 11:12:00,1777,5014,$3.04,Swipe Transaction,50867,Woodbine,MD,21797.0,5541,
9472024,2011-04-29 19:10:00,1520,108,$108.34,Swipe Transaction,49944,San Francisco,CA,94101.0,4111,
9592301,2011-05-28 06:40:00,408,4785,$14.02,Swipe Transaction,59935,Barron,WI,54812.0,5499,
21046464,2018-04-04 18:05:00,1937,3,$94.46,Chip Transaction,8580,O Fallon,MO,63366.0,5300,
14139019,2014-03-16 09:50:00,1962,3798,$0.46,Swipe Transaction,22204,Willowbrook,IL,60527.0,5541,
17383275,2016-02-15 06:31:00,649,251,$-88.00,Chip Transaction,61195,Austin,TX,78726.0,5541,
19811490,2017-07-16 22:04:00,546,125,$91.22,Chip Transaction,68671,Coventry,RI,2816.0,5541,
16043550,2015-05-04 14:25:00,33,5529,$96.01,Chip Transaction,99370,Los Angeles,CA,90004.0,5311,
14332668,2014-04-27 18:37:00,882,3467,$7.13,Swipe Transaction,50783,Newark,OH,43055.0,5411,
20554992,2017-12-21 12:06:00,1241,3724,$132.84,Swipe Transaction,9296,New Bremen,OH,45869.0,5912,
22293341,2018-12-25 06:07:00,1478,1237,$4.92,Chip Transaction,68671,Lincoln,CA,95648.0,5541,
10700417,2012-02-07 09:36:00,1461,2090,$2.11,Swipe Transaction,50783,Clinton,OH,44216.0,5411,
19910532,2017-08-06 20:34:00,1241,3501,$64.12,Chip Transaction,46476,New Bremen,OH,45869.0,5211,
23680112,2019-10-14 12:12:00,571,4047,$17.29,Chip Transaction,48919,Martinsburg,WV,25405.0,5311,
8446416,2010-08-29 12:55:00,1295,3318,$-85.00,Swipe Transaction,72351,Duluth,MN,55807.0,5541,
21753285,2018-09-01 11:02:00,1463,3591,$0.87,Chip Transaction,14528,Kerhonkson,NY,12446.0,5499,
9319957,2011-03-25 11:47:00,714,2616,$13.27,Swipe Transaction,41260,West Linn,OR,97068.0,5541,
22734120,2019-03-28 09:57:00,1169,5763,$97.00,Chip Transaction,61195,Round Rock,TX,78665.0,5541,
22575030,2019-02-22 14:32:00,156,1334,$8.67,Chip Transaction,48919,Fontana,CA,92335.0,5311,
15144924,2014-10-22 06:53:00,989,4613,$128.00,Swipe Transaction,16160,Chantilly,VA,20152.0,5211,
17648225,2016-04-12 18:55:00,1060,4291,$46.81,Chip Transaction,22204,Indianapolis,IN,46221.0,5541,
13878850,2014-01-18 12:01:00,1127,4605,$26.69,Online Transaction,50404,ONLINE,,,4784,
8667999,2010-10-21 16:45:00,1863,2213,$101.18,Swipe Transaction,432,Ho Ho Kus,NJ,7423.0,5300,
16087272,2015-05-14 05:34:00,630,2059,$60.00,Chip Transaction,27092,Jacksonville,FL,32221.0,4829,
7770655,2010-03-16 16:15:00,96,3695,$-89.00,Swipe Transaction,61195,Yorba Linda,CA,92886.0,5541,
22802583,2019-04-11 19:17:00,1009,154,$68.75,Chip Transaction,71361,Bakersville,NC,28705.0,4900,
13640825,2013-11-27 10:55:00,868,5372,$50.29,Swipe Transaction,94627,Park Hill,OK,74451.0,7538,
12182106,2013-01-08 15:33:00,1638,4728,$105.64,Swipe Transaction,48919,Inver Grove Heights,MN,55076.0,5311,
19221263,2017-03-14 09:11:00,1752,3880,$16.93,Chip Transaction,2309,Abbeville,LA,70510.0,5812,
9727363,2011-06-28 13:05:00,584,3878,$19.93,Swipe Transaction,19964,North Highlands,CA,95660.0,5311,
9718960,2011-06-26 14:40:00,727,3808,$35.23,Swipe Transaction,31893,Saint Louis,MO,63112.0,5311,
16984862,2015-11-22 08:27:00,856,4851,$187.49,Swipe Transaction,48919,Bethesda,MD,20814.0,5311,
19645828,2017-06-12 07:25:00,997,5046,$24.98,Online Transaction,18563,ONLINE,,,4121,
14302039,2014-04-21 07:42:00,1639,1246,$82.23,Swipe Transaction,81833,Erie,PA,16506.0,5912,
20697874,2018-01-20 14:51:00,46,3732,$16.85,Chip Transaction,83480,Kew Gardens,NY,11415.0,9402,
13334975,2013-09-20 22:29:00,1148,3128,$31.99,Swipe Transaction,69972,Philadelphia,PA,19145.0,5814,
16385134,2015-07-16 15:50:00,1874,2106,$13.16,Chip Transaction,31720,Miami,FL,33175.0,5921,
13342569,2013-09-22 13:21:00,1788,289,$11.55,Swipe Transaction,10805,Raceland,LA,70394.0,5921,
18128292,2016-07-24 10:02:00,952,2351,$98.55,Chip Transaction,32175,East Falmouth,MA,2536.0,7538,
20871089,2018-02-26 13:22:00,22,4062,$10.76,Chip Transaction,35451,Upper Marlboro,MD,20774.0,5812,
21906207,2018-10-03 21:39:00,467,3914,$47.45,Chip Transaction,19964,Chattanooga,TN,37421.0,5311,
21686495,2018-08-18 10:13:00,639,4833,$1.17,Chip Transaction,14528,Buffalo,NY,14201.0,5499,
14055012,2014-02-25 19:27:00,885,6005,$0.23,Swipe Transaction,14528,Crane,MO,65633.0,5499,
10184123,2011-10-11 22:06:00,872,5609,$32.98,Swipe Transaction,25887,Maywood,IL,60153.0,5814,
15322764,2014-11-29 20:47:00,1081,3892,$61.92,Swipe Transaction,44578,Aurora,CO,80013.0,5812,
13803601,2014-01-01 23:03:00,1069,5167,$46.63,Online Transaction,39021,ONLINE,,,4784,
18434313,2016-09-27 14:05:00,150,2505,$34.12,Chip Transaction,31562,Lorton,VA,22079.0,5192,
18979741,2017-01-21 17:09:00,1039,304,$2.04,Chip Transaction,14528,Los Angeles,CA,90033.0,5499,
8029690,2010-05-20 07:33:00,1963,4565,$6.73,Swipe Transaction,78854,Vacaville,CA,95687.0,5411,
15860090,2015-03-26 01:35:00,1955,4184,$35.53,Chip Transaction,60569,Etowah,NC,28729.0,5300,
10747554,2012-02-17 19:59:00,1022,5148,$6.12,Swipe Transaction,61195,Monroe,NC,28112.0,5541,
19182635,2017-03-06 00:09:00,973,5706,$17.83,Chip Transaction,98374,Crenshaw,MS,38621.0,5411,
13720486,2013-12-14 16:52:00,1901,3846,$-59.00,Swipe Transaction,43293,Saint Johns,MI,48879.0,5499,
14668562,2014-07-10 11:54:00,442,112,$20.85,Swipe Transaction,61195,Navasota,TX,77868.0,5541,
11725008,2012-09-27 11:38:00,1562,168,$20.51,Swipe Transaction,76857,Colcord,OK,74338.0,4121,
19932207,2017-08-11 12:21:00,699,4283,$9.41,Chip Transaction,49394,Riverside,IA,52327.0,5921,
15885187,2015-03-31 12:20:00,361,5839,$7.99,Swipe Transaction,22204,Quincy,MA,2169.0,5541,
8661043,2010-10-20 07:09:00,1344,1027,$3.02,Swipe Transaction,20519,Utica,MI,48316.0,5942,
23493404,2019-09-04 22:08:00,509,4588,$63.96,Chip Transaction,63948,Huntington,WV,25705.0,7230,
22289698,2018-12-24 09:03:00,1088,3940,$41.86,Online Transaction,17976,ONLINE,,,4900,
15483693,2015-01-03 15:40:00,393,5873,$1.50,Chip Transaction,86438,Texarkana,TX,75501.0,5499,
13452040,2013-10-16 16:45:00,530,5110,$40.58,Swipe Transaction,86410,Hesperia,CA,92345.0,5211,
17038495,2015-12-03 14:04:00,1888,1017,$53.19,Chip Transaction,26810,Farmington,MN,55024.0,5541,
14147136,2014-03-18 05:34:00,946,5403,$-436.00,Swipe Transaction,52923,Barcelona,Spain,,3504,
13176705,2013-08-17 07:54:00,1073,2547,$7.76,Swipe Transaction,22204,Plymouth,IN,46563.0,5541,
20263349,2017-10-20 15:47:00,1762,2353,$1.37,Swipe Transaction,86438,Sacramento,CA,95818.0,5499,
19499835,2017-05-12 09:26:00,997,6108,$31.05,Online Transaction,15143,ONLINE,,,4784,
10905346,2012-03-25 20:16:00,98,4143,$52.98,Online Transaction,96246,ONLINE,,,4784,
22957567,2019-05-14 15:02:00,285,5747,$62.81,Chip Transaction,61195,Watsonville,CA,95076.0,5541,
14887753,2014-08-27 06:31:00,1456,5935,$80.00,Swipe Transaction,27092,Lucedale,MS,39452.0,4829,Insufficient Balance
23363745,2019-08-08 12:11:00,538,5441,$29.17,Chip Transaction,89069,Winterville,NC,28590.0,5251,
18858115,2016-12-26 22:03:00,1629,4290,$33.68,Chip Transaction,4379,Fort Lauderdale,FL,33313.0,7538,
9207901,2011-02-27 07:15:00,403,4580,$5.30,Swipe Transaction,11468,Tyler,TX,75702.0,5970,
16332462,2015-07-05 12:52:00,1533,3097,$63.32,Swipe Transaction,86410,Indianapolis,IN,46254.0,5211,
7790000,2010-03-21 15:01:00,1243,3884,$139.48,Swipe Transaction,10054,Harrisburg,PA,17113.0,5300,
22418414,2019-01-20 11:44:00,1432,4929,$11.88,Chip Transaction,30286,Newton,NJ,7860.0,4814,
19250683,2017-03-20 14:20:00,1267,4299,$31.96,Chip Transaction,10215,Edmonds,WA,98026.0,5912,
15810243,2015-03-15 10:56:00,1508,5646,$0.86,Swipe Transaction,35451,Bedford,IN,47421.0,5812,Technical Glitch
8731856,2010-11-06 08:19:00,629,2560,$17.94,Swipe Transaction,77071,Ellicott City,MD,21043.0,5411,
16715340,2015-09-25 12:41:00,872,5609,$14.63,Chip Transaction,61195,Elgin,IL,60123.0,5541,
9704006,2011-06-23 06:05:00,1138,2122,$23.23,Online Transaction,39021,ONLINE,,,4784,
10906683,2012-03-26 08:45:00,57,6006,$9.17,Swipe Transaction,75781,Tucson,AZ,85746.0,5411,
7851897,2010-04-06 06:35:00,1176,5003,$5.91,Swipe Transaction,59935,Newburgh,IN,47630.0,5499,
17663770,2016-04-16 09:07:00,1877,2107,$47.15,Chip Transaction,60569,Frisco,TX,75034.0,5300,
16366104,2015-07-12 15:03:00,1135,4037,$18.59,Chip Transaction,99631,Torrance,CA,90503.0,4121,
16328664,2015-07-04 16:43:00,661,1345,$60.90,Chip Transaction,50001,Easton,PA,18042.0,7538,
12634730,2013-04-19 15:57:00,1759,4232,$36.20,Swipe Transaction,61195,Oceanside,CA,92057.0,5541,
10750711,2012-02-18 13:49:00,1080,2562,$2.12,Swipe Transaction,98374,Elko,GA,31025.0,5411,
14546716,2014-06-13 19:34:00,464,3233,$100.00,Swipe Transaction,27092,Orlando,FL,32807.0,4829,
10507411,2011-12-25 09:06:00,1227,3515,$3.61,Swipe Transaction,44292,Plymouth,MI,48170.0,5411,
18106636,2016-07-19 14:25:00,323,4268,$25.43,Chip Transaction,27601,Fresno,CA,93725.0,7538,
19707095,2017-06-24 21:41:00,380,5838,$1.46,Chip Transaction,14528,Des Moines,IA,50313.0,5499,
15969823,2015-04-18 16:46:00,1596,995,$42.68,Chip Transaction,59935,San Fernando,CA,91340.0,5499,
21316238,2018-06-01 06:21:00,1898,5122,$35.95,Online Transaction,39021,ONLINE,,,4784,
16523942,2015-08-15 12:43:00,598,32,$21.26,Online Transaction,39021,ONLINE,,,4784,
14093109,2014-03-06 10:25:00,779,4558,$1.15,Swipe Transaction,55712,San Antonio,TX,78202.0,5411,
11431352,2012-07-23 06:57:00,1797,300,$39.12,Online Transaction,15143,ONLINE,,,4784,
18599567,2016-11-01 19:45:00,984,2796,$28.76,Chip Transaction,22204,Kissimmee,FL,34746.0,5541,
17100021,2015-12-16 14:29:00,115,38,$16.80,Swipe Transaction,24504,Port Chester,NY,10573.0,4214,
22274086,2018-12-20 21:43:00,322,5365,$39.80,Chip Transaction,20561,Doerun,GA,31744.0,5912,Insufficient Balance
23106921,2019-06-15 11:12:00,598,2361,$21.33,Chip Transaction,99471,Franconia,NH,3580.0,4121,
14793632,2014-08-06 16:50:00,1406,3883,$19.01,Swipe Transaction,807,Tulsa,OK,74110.0,5300,
14532984,2014-06-10 16:34:00,452,4249,$46.10,Swipe Transaction,39254,Orlando,FL,32817.0,4121,
13697318,2013-12-09 14:34:00,1263,140,$-94.00,Swipe Transaction,61195,Marietta,GA,30008.0,5541,
10086619,2011-09-19 11:50:00,944,3500,$105.75,Swipe Transaction,60569,Inglewood,CA,90302.0,5300,
9865394,2011-07-30 12:21:00,1520,2956,$-79.00,Swipe Transaction,49789,San Francisco,CA,94112.0,5541,
11973123,2012-11-22 13:20:00,1797,300,$23.00,Online Transaction,15143,ONLINE,,,4784,
21238673,2018-05-15 14:05:00,1895,2119,$23.43,Chip Transaction,68436,Barnegat,NJ,8005.0,4121,
22413001,2019-01-19 09:58:00,1888,1016,$63.00,Chip Transaction,59935,Mastic Beach,NY,11951.0,5499,
16845500,2015-10-23 10:23:00,891,4321,$-105.00,Chip Transaction,16790,Beijing,China,,3389,
14318049,2014-04-24 16:51:00,1324,4959,$1.40,Online Transaction,51397,ONLINE,,,5651,
12372149,2013-02-20 12:27:00,121,5952,$58.00,Swipe Transaction,59935,Menasha,WI,54952.0,5499,
15355884,2014-12-07 07:22:00,1117,1162,$16.22,Swipe Transaction,32175,Gering,NE,69341.0,7538,
22829314,2019-04-17 13:52:00,1687,2509,$72.60,Chip Transaction,56840,Albuquerque,NM,87120.0,7538,
15388912,2014-12-14 10:26:00,525,4811,$20.97,Swipe Transaction,3418,Mokelumne Hill,CA,95245.0,4121,
10669744,2012-01-31 09:00:00,1510,4346,$13.56,Swipe Transaction,81833,La Mirada,CA,90638.0,5912,
17038866,2015-12-03 15:27:00,1315,2556,$2.36,Swipe Transaction,34702,Norris City,IL,62869.0,5310,
16678606,2015-09-17 13:40:00,112,1134,$73.01,Chip Transaction,68042,Carthage,NY,13619.0,5310,
19823549,2017-07-19 12:49:00,672,5001,$30.04,Chip Transaction,60569,Louisville,TN,37777.0,5300,
22638046,2019-03-08 06:14:00,1190,2699,$52.60,Online Transaction,39021,ONLINE,,,4784,
15015748,2014-09-24 03:37:00,316,4125,$55.83,Swipe Transaction,75936,Houston,TX,77047.0,5814,
21435229,2018-06-26 10:37:00,1529,3927,$0.41,Chip Transaction,14528,Pompano Beach,FL,33076.0,5499,
8265212,2010-07-16 18:23:00,940,5117,$17.64,Swipe Transaction,40038,Miami,FL,33155.0,7832,
13071829,2013-07-25 06:18:00,17,4787,$76.32,Swipe Transaction,98022,Hickory,NC,28602.0,5411,
17100424,2015-12-16 15:47:00,1181,5824,$62.36,Chip Transaction,79058,Concord,NC,28027.0,7230,
14867379,2014-08-22 17:00:00,1492,5231,$31.44,Swipe Transaction,75936,Bothell,WA,98011.0,5814,
11910935,2012-11-08 12:20:00,421,2177,$31.39,Swipe Transaction,59935,Paris,France,,5499,
8543491,2010-09-21 16:48:00,520,5104,$252.79,Online Transaction,71397,ONLINE,,,6300,
13965741,2014-02-06 12:46:00,509,3446,$19.49,Swipe Transaction,61195,Huntington,WV,25705.0,5541,
11630993,2012-09-06 08:37:00,1259,5406,$183.23,Swipe Transaction,13523,Orlando,FL,32810.0,5310,
16411773,2015-07-22 10:00:00,468,5532,$69.34,Swipe Transaction,48919,Mount Vernon,IA,52314.0,5311,
22107233,2018-11-15 13:59:00,1425,2851,$36.53,Online Transaction,39021,ONLINE,,,4784,Insufficient Balance
17123544,2015-12-21 14:52:00,1581,5541,$19.14,Chip Transaction,24504,Ballwin,MO,63011.0,4214,
21752369,2018-09-01 08:19:00,987,2748,$25.78,Online Transaction,18563,ONLINE,,,4121,
8500116,2010-09-11 13:02:00,114,3070,$17.93,Swipe Transaction,60119,North Hollywood,CA,91606.0,5211,
13543919,2013-11-05 20:57:00,1720,2492,$32.32,Swipe Transaction,29425,Fort Worth,TX,76119.0,5211,
21007483,2018-03-27 14:16:00,1816,985,$-80.00,Chip Transaction,59935,Kokomo,IN,46901.0,5499,
16848751,2015-10-24 04:47:00,1604,2207,$2.83,Chip Transaction,65089,Batesville,MS,38606.0,5411,
8976017,2011-01-03 09:26:00,1972,5539,$3.46,Swipe Transaction,92883,Cleveland,OH,44105.0,5812,
22848080,2019-04-21 11:01:00,1063,2015,$10.61,Chip Transaction,35451,Rockton,IL,61072.0,5812,
11206644,2012-06-02 11:17:00,53,3267,$96.18,Swipe Transaction,19185,Somerset,CA,95684.0,8011,
8196170,2010-06-29 22:21:00,1361,2880,$68.00,Swipe Transaction,26810,Highland Park,MI,48203.0,5541,
20345522,2017-11-07 08:05:00,804,17,$81.58,Chip Transaction,81833,San Antonio,TX,78240.0,5912,
13863681,2014-01-15 04:48:00,1915,5031,$89.89,Swipe Transaction,18215,Nyack,NY,10960.0,5719,
23254794,2019-07-16 12:56:00,571,4047,$66.09,Chip Transaction,46965,Seattle,WA,98109.0,7538,
21253585,2018-05-18 15:47:00,509,4588,$6.77,Chip Transaction,33752,Huntington,WV,25705.0,5300,
16178662,2015-06-02 14:17:00,552,3275,$92.95,Chip Transaction,26810,Gainesville,FL,32608.0,5541,
7586291,2010-01-29 11:45:00,1,3682,$16.00,Online Transaction,18563,ONLINE,,,4121,
16966683,2015-11-18 09:06:00,1123,3010,$5.89,Swipe Transaction,78462,Laurel Hill,NC,28351.0,5411,
10375777,2011-11-24 22:09:00,738,204,$12.19,Swipe Transaction,67257,Santa Ana,CA,92707.0,5921,
20088742,2017-09-13 14:55:00,112,1134,$70.32,Chip Transaction,20916,Apalachin,NY,13732.0,5651,
22242877,2018-12-14 10:40:00,178,4261,$75.24,Chip Transaction,59935,Blue Springs,MO,64015.0,5499,
22762749,2019-04-03 11:38:00,1600,5050,$23.33,Chip Transaction,78454,Kirkland,WA,98033.0,5812,
21400634,2018-06-18 21:12:00,872,4132,$158.62,Chip Transaction,37788,Maywood,IL,60153.0,6300,
18137432,2016-07-26 08:26:00,638,6050,$67.00,Chip Transaction,22204,Madera,CA,93638.0,5541,
9581066,2011-05-25 12:18:00,1459,3383,$2.91,Swipe Transaction,50783,Albuquerque,NM,87121.0,5411,
13313835,2013-09-16 08:21:00,1963,6058,$25.88,Online Transaction,16798,ONLINE,,,4121,
12961479,2013-06-30 19:44:00,1802,2324,$145.81,Swipe Transaction,28073,Monroe Township,NJ,8831.0,4900,
14326133,2014-04-26 12:13:00,534,336,$11.14,Swipe Transaction,23481,Ankeny,IA,50021.0,5812,
20270173,2017-10-22 07:20:00,303,4783,$74.20,Swipe Transaction,68668,Windsor,CO,80550.0,5300,
16884256,2015-10-31 14:53:00,782,3051,$-53.00,Swipe Transaction,22204,Defiance,OH,43512.0,5541,
8148975,2010-06-18 12:07:00,1834,1119,$7.93,Swipe Transaction,72351,Lubbock,TX,79413.0,5541,
10553446,2012-01-04 16:07:00,979,2613,$36.03,Swipe Transaction,59935,Pomona,CA,91768.0,5499,
22912404,2019-05-05 05:58:00,1759,377,$3.25,Chip Transaction,46284,Oceanside,CA,92057.0,5411,
15691136,2015-02-17 14:09:00,146,1143,$104.93,Chip Transaction,13411,Batavia,IL,60510.0,8021,
7732986,2010-03-07 09:40:00,1772,56,$6.28,Swipe Transaction,59935,Corona,CA,92879.0,5499,
16036257,2015-05-03 06:52:00,379,2019,$3.83,Chip Transaction,50783,Mobile,AL,36695.0,5411,
21896787,2018-10-01 20:46:00,1723,4099,$13.40,Chip Transaction,82108,Hillsboro,IL,62049.0,5921,
10287817,2011-11-04 15:07:00,609,2290,$58.51,Swipe Transaction,93214,Garland,TX,75040.0,5411,
15470523,2014-12-31 19:04:00,478,135,$23.56,Swipe Transaction,75936,Suwanee,GA,30024.0,5814,
17156769,2015-12-28 13:37:00,764,286,$42.48,Chip Transaction,84874,Warner Robins,GA,31088.0,5211,
15912802,2015-04-06 11:27:00,780,6023,$96.00,Chip Transaction,61195,Cleveland,GA,30528.0,5541,
7761034,2010-03-14 11:10:00,547,5526,$15.26,Swipe Transaction,72351,Delavan,WI,53115.0,5541,
23637473,2019-10-05 12:15:00,1859,2419,$5.84,Chip Transaction,25887,Middletown,NY,10940.0,5814,
21338137,2018-06-05 17:45:00,121,5952,$21.68,Chip Transaction,30055,Cambridge,MN,55008.0,7832,
18296655,2016-08-29 08:34:00,1736,113,$9.45,Chip Transaction,88646,Brooklyn,NY,11211.0,5812,
19645815,2017-06-12 07:23:00,1382,2838,$66.96,Chip Transaction,49789,Dallas,TX,75253.0,5541,
15234169,2014-11-10 15:52:00,450,4192,$24.02,Swipe Transaction,83480,Newport News,VA,23602.0,9402,
9821522,2011-07-20 09:28:00,1156,3280,$13.48,Swipe Transaction,75936,Hawthorne,FL,32640.0,5814,
20621832,2018-01-04 13:32:00,1727,5982,$-55.00,Swipe Transaction,61195,Columbia,SC,29229.0,5541,
17140341,2015-12-25 08:50:00,376,4704,$19.18,Chip Transaction,87071,Vincentown,NJ,8088.0,4121,
12413280,2013-03-01 13:21:00,1567,2916,$160.00,Swipe Transaction,27092,Binghamton,NY,13903.0,4829,
15465075,2014-12-30 14:16:00,1236,5351,$26.10,Swipe Transaction,59935,Colorado Springs,CO,80915.0,5499,
10334496,2011-11-15 12:17:00,1067,3016,$10.89,Swipe Transaction,40041,Derby,KS,67037.0,5411,
23325665,2019-07-31 12:53:00,1674,2873,$77.63,Chip Transaction,81833,West Helena,AR,72390.0,5912,
15900968,2015-04-03 22:19:00,469,2686,$30.62,Chip Transaction,37222,Placentia,CA,92870.0,5912,
20336207,2017-11-05 06:45:00,160,4914,$70.00,Chip Transaction,59935,Milford,DE,19963.0,5499,
15346785,2014-12-05 08:00:00,1541,3253,$22.76,Swipe Transaction,83480,Clinton,TN,37716.0,9402,
22876395,2019-04-27 11:12:00,973,3833,$13.02,Chip Transaction,26810,Crowder,MS,38622.0,5541,
20792658,2018-02-09 17:36:00,1118,362,$1183.67,Chip Transaction,85600,Manhattan Beach,CA,90266.0,3066,
22584927,2019-02-24 15:49:00,190,2088,$76.00,Chip Transaction,61195,Skokie,IL,60077.0,5541,Technical Glitch
10782886,2012-02-25 20:06:00,433,5606,$51.32,Swipe Transaction,87625,Riverton,IL,62561.0,5812,
18464805,2016-10-04 07:25:00,106,3484,$31.17,Chip Transaction,94654,Indianapolis,IN,46203.0,5310,
12986873,2013-07-06 11:28:00,235,5126,$48.17,Swipe Transaction,87630,New York,NY,10025.0,5912,
14100092,2014-03-07 18:15:00,1543,4687,$72.24,Swipe Transaction,35451,Murrells Inlet,SC,29576.0,5812,
14871212,2014-08-23 13:48:00,235,5126,$9.08,Swipe Transaction,24504,New York,NY,10033.0,4214,
23028751,2019-05-29 21:58:00,1557,2471,$10.58,Swipe Transaction,41260,Beaverton,OR,97008.0,5541,
20233692,2017-10-14 10:23:00,525,5240,$13.35,Chip Transaction,3418,Mokelumne Hill,CA,95245.0,4121,
15533589,2015-01-14 11:15:00,1769,295,$19.17,Swipe Transaction,71667,Manahawkin,NJ,8050.0,7538,
18034480,2016-07-04 10:33:00,963,1353,$9.56,Chip Transaction,31339,Lowell,MA,1851.0,5921,
14021149,2014-02-18 12:54:00,933,4997,$2.07,Swipe Transaction,246,Santo Domingo,Dominican Republic,,5812,
10370803,2011-11-23 18:37:00,598,2040,$28.93,Online Transaction,73186,ONLINE,,,4814,
11588831,2012-08-27 17:52:00,1602,282,$81.78,Swipe Transaction,82981,Wilton,CT,6897.0,5912,
11895499,2012-11-05 01:28:00,1985,4781,$46.72,Online Transaction,73186,ONLINE,,,4814,
22246240,2018-12-15 04:50:00,217,1267,$74.91,Chip Transaction,46284,Summit Argo,IL,60501.0,5411,
10132525,2011-09-30 02:13:00,474,5845,$114.99,Swipe Transaction,35451,Williston Park,NY,11596.0,5812,
14744277,2014-07-26 22:47:00,377,4602,$32.44,Swipe Transaction,69956,Kirkland,WA,98033.0,5310,
15138766,2014-10-20 16:39:00,1885,3424,$49.37,Swipe Transaction,20519,Dalton,GA,30720.0,5942,
21217044,2018-05-10 20:39:00,1398,4930,$21.74,Chip Transaction,35451,Passaic,NJ,7055.0,5812,
20750755,2018-01-31 20:12:00,124,2725,$1.17,Swipe Transaction,14528,Lawton,OK,73505.0,5499,
18993652,2017-01-24 18:52:00,104,3161,$39.21,Chip Transaction,75936,Grand Prairie,TX,75050.0,5814,
11297743,2012-06-22 19:56:00,1629,4290,$73.00,Swipe Transaction,61195,Fort Lauderdale,FL,33313.0,5541,
19278731,2017-03-26 13:34:00,856,1367,$140.00,Chip Transaction,27092,Olney,MD,20832.0,4829,
14618176,2014-06-29 11:14:00,1370,6037,$10.01,Swipe Transaction,66065,Elk Grove,CA,95624.0,5812,
9849453,2011-07-26 16:45:00,1509,3685,$57.67,Swipe Transaction,81744,Parkville,MD,21234.0,5300,
13928302,2014-01-29 08:31:00,1096,3012,$42.97,Swipe Transaction,50783,Syracuse,NY,13212.0,5411,
13627620,2013-11-24 11:08:00,597,5022,$59.09,Swipe Transaction,61195,San Francisco,CA,94131.0,5541,
21304657,2018-05-29 16:00:00,822,5385,$100.00,Chip Transaction,27092,Imperial Beach,CA,91933.0,4829,
14661576,2014-07-08 16:47:00,1344,1044,$-86.00,Swipe Transaction,61195,Sterling Heights,MI,48313.0,5541,
19311394,2017-04-02 11:52:00,1028,139,$472.00,Chip Transaction,15426,Los Banos,CA,93635.0,3390,
13318353,2013-09-17 08:55:00,702,4096,$11.86,Swipe Transaction,86410,Levittown,NY,11756.0,5211,
8617140,2010-10-09 14:49:00,75,3781,$51.43,Online Transaction,41122,ONLINE,,,4784,
10310167,2011-11-09 21:03:00,1219,3466,$128.52,Swipe Transaction,20561,Clewiston,FL,33440.0,5912,
11329496,2012-06-30 06:03:00,1376,3532,$10.06,Swipe Transaction,46284,Banks,OR,97106.0,5411,
7668393,2010-02-18 22:57:00,860,5782,$26.99,Swipe Transaction,36385,Silver Spring,MD,20901.0,5813,
16443247,2015-07-29 05:53:00,1636,2930,$3.08,Swipe Transaction,40800,Kansas City,MO,64124.0,5411,
22943651,2019-05-11 15:24:00,944,3500,$91.83,Swipe Transaction,36934,Palos Verdes Peninsula,CA,90274.0,7538,
21639157,2018-08-08 11:16:00,1766,3684,$142.45,Chip Transaction,55053,Milwaukee,WI,53206.0,4900,
12990223,2013-07-07 07:10:00,743,1270,$45.36,Swipe Transaction,31893,Greenville,NC,27858.0,5311,
10195219,2011-10-14 11:41:00,543,4320,$96.00,Swipe Transaction,28395,Coos Bay,OR,97420.0,5541,
19706959,2017-06-24 20:48:00,711,4689,$40.00,Chip Transaction,27092,Belleville,IL,62221.0,4829,
10255129,2011-10-28 07:49:00,53,3267,$17.44,Online Transaction,15143,ONLINE,,,4784,
22116306,2018-11-17 12:03:00,807,4889,$82.72,Chip Transaction,59550,Hudsonville,MI,49426.0,7922,
9310775,2011-03-23 10:38:00,1664,2273,$16.30,Swipe Transaction,69972,Ann Arbor,MI,48103.0,5814,
8028974,2010-05-19 22:49:00,156,5438,$23.96,Swipe Transaction,43962,Fontana,CA,92335.0,5411,
15475560,2015-01-01 20:04:00,1180,6041,$56.96,Chip Transaction,20884,New York,NY,10039.0,5812,
10099466,2011-09-22 10:06:00,374,5100,$33.16,Swipe Transaction,76018,Sacramento,CA,95823.0,7230,
10819566,2012-03-06 11:34:00,1285,5172,$132.75,Swipe Transaction,46284,Dallas,TX,75216.0,5411,
8773297,2010-11-16 06:13:00,1717,2652,$35.33,Swipe Transaction,48919,Ransomville,NY,14131.0,5311,
16873326,2015-10-29 08:22:00,669,1151,$2.90,Chip Transaction,75781,Plattsburgh,NY,12901.0,5411,
13356957,2013-09-25 18:00:00,820,5040,$96.65,Swipe Transaction,63343,Barnstable,MA,2630.0,4900,
13908232,2014-01-24 20:58:00,157,1052,$50.42,Swipe Transaction,78454,Perris,CA,92571.0,5812,
16979067,2015-11-21 01:59:00,55,5865,$47.13,Online Transaction,73186,ONLINE,,,4814,
21237756,2018-05-15 11:10:00,1885,3424,$37.36,Swipe Transaction,71667,Winder,GA,30680.0,7538,
12267734,2013-01-27 23:17:00,217,1267,$88.00,Swipe Transaction,50867,Summit Argo,IL,60501.0,5541,
11573291,2012-08-24 08:25:00,566,3439,$60.53,Swipe Transaction,79927,Holly,MI,48442.0,5912,
15909012,2015-04-05 14:27:00,1638,3856,$13.63,Chip Transaction,25887,Lakeville,MN,55044.0,5814,
16365684,2015-07-12 13:45:00,1988,6063,$46.35,Online Transaction,50404,ONLINE,,,4784,
8971268,2011-01-02 06:29:00,1305,2229,$103.26,Swipe Transaction,60569,Somerville,TN,38068.0,5300,
16631629,2015-09-07 12:05:00,241,3921,$14.47,Online Transaction,85247,ONLINE,,,5815,
8485215,2010-09-07 18:45:00,1694,5944,$1773.35,Swipe Transaction,85600,Linden,NJ,7036.0,3066,
14909310,2014-08-31 19:09:00,754,4122,$44.68,Swipe Transaction,53097,Myrtle Beach,SC,29579.0,5812,
14196810,2014-03-29 06:12:00,112,6040,$51.40,Online Transaction,39021,ONLINE,,,4784,
20350410,2017-11-08 08:23:00,1541,5663,$21.14,Chip Transaction,83480,Clinton,TN,37716.0,9402,
18181378,2016-08-04 12:29:00,1429,3584,$139.43,Chip Transaction,59370,Denver,CO,80221.0,4900,
17478897,2016-03-07 13:10:00,1486,4345,$49.40,Chip Transaction,91041,Glade Valley,NC,28627.0,5621,
14155242,2014-03-19 19:58:00,733,1048,$55.89,Swipe Transaction,35451,Brownwood,TX,76801.0,5812,
17575121,2016-03-28 08:27:00,275,63,$7.79,Chip Transaction,50867,South Houston,TX,77587.0,5541,
17844596,2016-05-24 19:33:00,1364,2411,$20.00,Chip Transaction,27092,Nocona,TX,76255.0,4829,
13467463,2013-10-20 03:25:00,575,5278,$11.83,Swipe Transaction,15656,Levittown,PA,19054.0,5411,
12179865,2013-01-08 07:13:00,543,4708,$79.00,Swipe Transaction,28395,Coos Bay,OR,97420.0,5541,
11201638,2012-06-01 09:51:00,1863,2213,$159.02,Swipe Transaction,70760,East Leroy,MI,49051.0,5300,
16318726,2015-07-02 13:59:00,1416,2951,$135.23,Chip Transaction,95757,Canastota,NY,13032.0,7996,
19899860,2017-08-04 13:46:00,1176,5003,$96.29,Online Transaction,17976,ONLINE,,,4900,
17987154,2016-06-24 07:20:00,1382,1110,$69.00,Chip Transaction,49789,Dallas,TX,75253.0,5541,
14502698,2014-06-04 07:40:00,137,1335,$81.27,Swipe Transaction,48795,Johnson City,TN,37604.0,5912,
18854981,2016-12-26 09:38:00,1142,4674,$38.67,Chip Transaction,20519,Mansfield,MA,2048.0,5942,
11526290,2012-08-13 14:05:00,1128,4548,$16.28,Swipe Transaction,20561,Newport,VT,5855.0,5912,
7755827,2010-03-13 03:59:00,363,5555,$135.34,Online Transaction,87530,ONLINE,,,4900,
14856605,2014-08-20 11:26:00,1717,2652,$16.77,Swipe Transaction,44578,Orchard Park,NY,14127.0,5812,
16023842,2015-04-30 10:52:00,1559,2920,$0.97,Chip Transaction,14528,Acworth,GA,30101.0,5499,
23217382,2019-07-08 14:06:00,1184,3932,$22.20,Online Transaction,15143,ONLINE,,,4784,
16546012,2015-08-20 06:47:00,338,5671,$-419.00,Chip Transaction,74934,Oakland,CA,94606.0,3596,
9321897,2011-03-25 20:03:00,1941,1109,$146.43,Swipe Transaction,86616,Ladonia,TX,75449.0,4814,
23688794,2019-10-16 12:26:00,1654,1368,$38.23,Chip Transaction,68671,Naugatuck,CT,6770.0,5541,
19739679,2017-07-01 16:59:00,1901,3846,$61.00,Swipe Transaction,49789,Rosebush,MI,48878.0,5541,
14814886,2014-08-11 10:25:00,311,93,$27.75,Swipe Transaction,9759,Saint George,UT,84770.0,5310,
16220279,2015-06-11 13:52:00,912,3845,$22.33,Online Transaction,18563,ONLINE,,,4121,
21979887,2018-10-19 13:32:00,55,5865,$1.43,Chip Transaction,14528,Richmond,CA,94804.0,5499,
12844202,2013-06-05 07:26:00,1920,5579,$58.40,Swipe Transaction,20519,Sauk Centre,MN,56378.0,5942,
